-- MySQL dump 10.13  Distrib 8.0.21, for Linux (x86_64)
--
-- Host: localhost    Database: vk
-- ------------------------------------------------------
-- Server version	8.0.21-0ubuntu0.20.04.4

/*!40101 SET @OLD_CHARACTER_SET_CLIENT=@@CHARACTER_SET_CLIENT */;
/*!40101 SET @OLD_CHARACTER_SET_RESULTS=@@CHARACTER_SET_RESULTS */;
/*!40101 SET @OLD_COLLATION_CONNECTION=@@COLLATION_CONNECTION */;
/*!50503 SET NAMES utf8mb4 */;
/*!40103 SET @OLD_TIME_ZONE=@@TIME_ZONE */;
/*!40103 SET TIME_ZONE='+00:00' */;
/*!40014 SET @OLD_UNIQUE_CHECKS=@@UNIQUE_CHECKS, UNIQUE_CHECKS=0 */;
/*!40014 SET @OLD_FOREIGN_KEY_CHECKS=@@FOREIGN_KEY_CHECKS, FOREIGN_KEY_CHECKS=0 */;
/*!40101 SET @OLD_SQL_MODE=@@SQL_MODE, SQL_MODE='NO_AUTO_VALUE_ON_ZERO' */;
/*!40111 SET @OLD_SQL_NOTES=@@SQL_NOTES, SQL_NOTES=0 */;

--
-- Table structure for table `communities`
--

DROP TABLE IF EXISTS `communities`;
/*!40101 SET @saved_cs_client     = @@character_set_client */;
/*!50503 SET character_set_client = utf8mb4 */;
CREATE TABLE `communities` (
  `id` int unsigned NOT NULL AUTO_INCREMENT COMMENT 'Идентификатор сроки',
  `name` varchar(150) CHARACTER SET utf8 COLLATE utf8_unicode_ci NOT NULL COMMENT 'Название группы',
  `created_at` datetime DEFAULT CURRENT_TIMESTAMP COMMENT 'Время создания строки',
  `updated_at` datetime DEFAULT CURRENT_TIMESTAMP ON UPDATE CURRENT_TIMESTAMP COMMENT 'Время обновления строки',
  PRIMARY KEY (`id`),
  UNIQUE KEY `name` (`name`)
) ENGINE=InnoDB AUTO_INCREMENT=101 DEFAULT CHARSET=utf8 COLLATE=utf8_unicode_ci COMMENT='Группы';
/*!40101 SET character_set_client = @saved_cs_client */;

--
-- Dumping data for table `communities`
--

LOCK TABLES `communities` WRITE;
/*!40000 ALTER TABLE `communities` DISABLE KEYS */;
INSERT INTO `communities` VALUES (1,'In reiciendis incidunt aliquam omnis laudantium.','2018-12-09 05:15:29','2019-12-24 01:15:23'),(2,'Assumenda cumque autem quia quidem et.','2013-02-26 13:56:07','2015-07-21 11:33:12'),(3,'Id cumque ut commodi.','2017-07-07 01:08:36','2020-02-05 06:40:34'),(4,'Vero ut facilis sed provident.','2014-04-27 00:49:41','2015-07-19 06:42:23'),(5,'Eos velit in sit quisquam velit et voluptatem.','2015-09-22 10:36:41','2020-01-19 16:15:28'),(6,'Corrupti expedita et voluptatum est rerum nihil.','2010-08-23 02:57:05','2019-01-08 14:29:43'),(7,'Architecto sint sit enim quis.','2017-12-02 01:30:00','2019-12-17 18:25:31'),(8,'Sed deleniti dolorum qui eius excepturi.','2014-09-09 03:32:07','2016-04-27 16:07:33'),(9,'Necessitatibus temporibus optio et perspiciatis.','2012-06-11 15:54:34','2014-12-11 09:02:25'),(10,'Neque accusamus necessitatibus aliquam exercitationem.','2018-12-07 19:22:42','2014-02-23 19:32:19'),(11,'Ab officiis dignissimos temporibus natus dolorem sed dolorem.','2020-07-31 09:09:44','2018-03-27 22:50:36'),(12,'Et libero quis totam illum minima optio tempore.','2020-04-29 18:45:39','2018-11-27 20:27:41'),(13,'Consequatur nam et suscipit officia temporibus.','2019-10-07 02:08:05','2015-12-05 09:03:37'),(14,'Recusandae autem eos atque velit quia.','2013-10-06 04:02:29','2010-10-11 20:43:04'),(15,'Odit sit quibusdam odio sunt.','2014-06-19 08:32:34','2012-03-17 14:21:56'),(16,'Et in voluptatem placeat quam ipsa debitis.','2017-12-25 22:52:17','2013-06-20 11:23:13'),(17,'Dolor autem ab quo.','2019-09-23 00:03:01','2011-04-01 23:28:40'),(18,'Pariatur laudantium necessitatibus voluptate enim voluptate dolorem expedita.','2013-02-17 09:27:16','2017-01-10 07:14:33'),(19,'Repudiandae doloribus sit ex fugiat quia voluptas.','2013-05-30 02:39:12','2014-07-08 02:16:16'),(20,'Natus ut maxime sit deleniti dolorem itaque.','2017-08-14 03:57:11','2014-07-30 04:41:08'),(21,'Laudantium similique sed similique optio a quia.','2012-01-21 22:22:47','2016-07-22 21:01:03'),(22,'Odio enim delectus praesentium illo possimus quos nihil id.','2012-10-03 13:54:34','2016-05-18 10:24:03'),(23,'Qui in neque maxime impedit.','2019-08-11 21:16:39','2011-06-07 07:20:11'),(24,'Vitae consequatur ipsa modi quia aut.','2014-12-29 04:52:59','2011-02-10 17:56:23'),(25,'Debitis dolor est odio in.','2018-07-27 13:59:00','2013-07-24 12:19:50'),(26,'Est est aut laudantium sit rerum.','2012-07-20 11:21:21','2020-06-11 17:35:25'),(27,'Voluptatibus quas quis consequatur ea omnis nulla.','2016-01-24 14:51:07','2018-03-16 10:45:49'),(28,'Illum repellendus omnis voluptates quos doloribus molestiae qui.','2012-03-15 10:07:32','2020-08-01 15:13:37'),(29,'Perferendis alias explicabo ea placeat necessitatibus quo.','2014-11-23 10:17:54','2015-01-14 20:11:54'),(30,'Natus eos ex repellendus doloribus.','2011-08-14 10:24:49','2014-09-16 06:45:12'),(31,'Et dolorem sed culpa explicabo doloribus quo alias.','2012-05-30 22:49:25','2016-02-20 16:51:33'),(32,'Blanditiis unde laboriosam commodi laborum.','2014-04-25 20:39:42','2016-05-10 14:57:18'),(33,'Error temporibus odit eos quia quia.','2012-08-09 19:25:35','2018-03-14 21:25:04'),(34,'Ut ex dolore ut dolorem culpa.','2018-11-07 15:45:44','2015-10-07 23:02:25'),(35,'Eum quibusdam natus hic ut et.','2016-04-29 10:41:41','2015-01-03 13:25:03'),(36,'Pariatur dolores impedit odio suscipit corrupti laudantium in.','2019-02-17 05:55:26','2020-04-29 09:28:43'),(37,'Saepe vel neque et aut quas.','2012-12-11 10:05:55','2011-05-04 05:52:59'),(38,'Et et praesentium deleniti cupiditate aut adipisci tenetur.','2020-04-01 17:25:26','2017-08-26 05:37:18'),(39,'Rerum enim nemo error fuga similique nisi repellat.','2015-04-19 19:35:59','2017-12-03 14:57:35'),(40,'Qui tempore expedita totam sed perspiciatis.','2016-11-01 07:46:21','2015-06-29 06:38:15'),(41,'Minima eum nesciunt voluptatem animi.','2017-10-06 01:11:04','2017-08-26 16:16:00'),(42,'Aperiam voluptatum laudantium culpa distinctio animi sunt.','2010-09-12 18:41:29','2013-05-09 04:30:16'),(43,'Nostrum incidunt nisi quisquam incidunt doloribus quos fuga.','2010-10-24 11:02:44','2014-10-05 05:55:18'),(44,'Perspiciatis a aliquam commodi commodi inventore.','2018-08-15 09:53:23','2014-01-26 12:02:28'),(45,'Ab ex ea nihil similique harum est.','2010-12-20 10:51:39','2019-09-06 09:11:04'),(46,'Fuga est rerum est nobis non doloribus voluptatem assumenda.','2014-06-27 20:37:51','2011-07-25 09:52:35'),(47,'Nesciunt quasi et praesentium enim.','2015-09-10 14:34:53','2020-02-20 21:40:31'),(48,'Delectus et fuga expedita dolor.','2019-06-06 14:45:14','2018-01-23 21:02:45'),(49,'Provident corporis et dolores possimus enim.','2012-04-03 07:39:37','2010-10-11 20:34:09'),(50,'Eligendi voluptatem consequatur rem illo sit dolores.','2019-10-17 18:07:16','2017-05-20 23:22:58'),(51,'Cupiditate ad quaerat necessitatibus omnis quis non non.','2018-09-19 20:14:22','2016-02-17 07:30:45'),(52,'Sint quod modi repudiandae facere modi.','2014-11-04 02:25:57','2016-08-12 19:46:23'),(53,'Sapiente in dolorum ex.','2019-03-13 00:51:44','2016-07-09 00:46:33'),(54,'Cumque qui quod sint pariatur ut ut.','2013-09-30 19:24:35','2012-01-27 21:04:41'),(55,'Rem maiores dolor quod qui inventore et alias.','2017-11-29 12:06:38','2019-05-10 13:51:13'),(56,'Fugiat enim corrupti perferendis eos necessitatibus.','2014-09-24 18:32:01','2011-06-25 06:59:22'),(57,'Et impedit ea et fuga velit tempora pariatur.','2019-10-12 18:39:44','2015-04-03 19:25:53'),(58,'Aut et accusamus et corrupti odio perspiciatis omnis.','2012-03-12 19:45:34','2011-05-22 20:49:26'),(59,'Aliquam pariatur est magnam pariatur quis.','2012-11-12 07:06:25','2013-06-03 16:32:36'),(60,'Quasi eos adipisci a autem similique.','2018-08-08 08:04:04','2019-11-24 06:28:42'),(61,'Nihil harum nostrum omnis veniam sit ratione.','2014-09-15 09:21:38','2017-05-29 04:24:40'),(62,'Nemo voluptatem ut vel ullam voluptatem.','2016-02-06 04:53:27','2010-12-25 18:22:07'),(63,'Voluptas maiores est vel ratione alias labore eos.','2019-07-27 06:38:16','2015-04-10 00:12:39'),(64,'Consequatur voluptas natus ut velit minus sed.','2011-04-26 17:10:42','2014-03-30 18:15:08'),(65,'Repellat aut accusamus eum asperiores incidunt omnis.','2013-09-24 19:55:03','2015-11-03 20:24:12'),(66,'Reprehenderit vero non et omnis.','2018-07-03 15:44:48','2019-05-24 08:36:55'),(67,'Animi aut fugiat dignissimos blanditiis mollitia.','2013-01-23 20:32:15','2019-11-01 00:59:02'),(68,'Deleniti officia eos eaque perspiciatis quia saepe eos qui.','2015-08-20 11:48:54','2012-07-04 12:33:21'),(69,'Inventore optio veniam magni.','2012-05-15 18:36:03','2013-04-08 02:50:34'),(70,'Doloribus voluptatem nemo assumenda eos molestiae.','2017-12-30 20:42:57','2014-12-24 17:27:03'),(71,'Debitis quia ducimus perspiciatis voluptas et deserunt officia.','2014-01-22 01:42:00','2016-01-20 19:15:48'),(72,'Deleniti quisquam odio quia veritatis dolores sit.','2013-04-07 08:13:58','2012-02-21 03:13:46'),(73,'Non delectus ipsum aut est alias tempore.','2016-12-27 13:17:38','2014-01-11 03:34:48'),(74,'Quia harum fugit error.','2016-04-20 11:22:37','2012-01-29 21:28:14'),(75,'Aut assumenda qui sunt necessitatibus deserunt illum harum aut.','2019-12-10 02:42:53','2019-01-28 00:55:29'),(76,'Sunt quibusdam placeat occaecati dolor voluptatem earum.','2010-12-30 00:52:11','2014-03-19 11:57:54'),(77,'Tempore sit beatae est perspiciatis odio.','2010-11-15 21:52:53','2018-08-21 03:00:46'),(78,'Aut fugit dolore illum odio soluta ipsum et nisi.','2020-07-16 21:23:29','2014-07-27 05:29:43'),(79,'Cumque ipsum molestiae repellendus maiores aut dolores voluptatem.','2019-12-23 05:39:55','2019-12-19 23:40:19'),(80,'Dolorum excepturi ipsum voluptas necessitatibus sint.','2012-09-29 08:32:48','2017-01-16 17:20:17'),(81,'Autem dolore blanditiis quis esse nobis pariatur modi id.','2018-11-03 00:09:55','2020-06-10 18:54:46'),(82,'Voluptates et officia harum accusantium natus.','2015-07-26 11:41:17','2015-01-03 00:43:00'),(83,'Quis consectetur eum dolores ipsam molestiae autem aperiam.','2019-10-07 22:40:05','2010-10-30 15:47:29'),(84,'Eos animi veniam sint.','2018-12-14 22:45:13','2013-08-30 05:06:13'),(85,'Voluptatibus eaque perspiciatis qui voluptas maxime.','2016-09-07 18:48:41','2017-10-11 14:04:36'),(86,'Et sunt reprehenderit consequuntur vero rem distinctio quasi.','2016-07-25 05:54:03','2018-11-24 05:49:51'),(87,'Et error et tempore magnam.','2020-02-04 18:48:13','2017-01-29 02:16:14'),(88,'Magnam quis facilis veritatis omnis et dicta quia voluptates.','2012-05-16 14:48:41','2015-11-07 14:59:31'),(89,'In ea odio et et et quia.','2017-10-31 20:01:44','2020-02-17 03:01:34'),(90,'Ipsa aut molestiae recusandae adipisci non eum.','2011-10-17 13:32:00','2018-12-29 18:09:54'),(91,'Ipsa neque vel sed deleniti.','2015-08-29 19:16:26','2014-03-19 07:07:00'),(92,'Atque ipsum corrupti dolor autem.','2013-09-11 09:51:10','2013-09-28 22:55:12'),(93,'Animi voluptatem delectus qui in.','2016-05-05 21:21:08','2013-10-23 08:33:10'),(94,'Quod reiciendis sapiente eos modi corrupti assumenda dolores.','2011-12-30 19:09:58','2013-07-31 12:34:59'),(95,'Aut fugit nam qui natus perferendis magnam ipsum.','2013-12-03 16:16:27','2020-02-26 01:53:44'),(96,'Facilis maiores eum iste.','2010-09-24 21:24:38','2013-03-25 08:50:57'),(97,'Iste earum esse adipisci voluptatem molestiae in eos.','2018-11-19 09:40:53','2015-09-24 00:54:55'),(98,'Modi quisquam ipsum assumenda blanditiis molestiae et.','2018-11-06 17:52:00','2019-08-03 05:11:28'),(99,'Veritatis eaque unde quia voluptas omnis dolorum.','2011-09-27 19:38:08','2018-07-24 07:54:26'),(100,'Voluptate quos sapiente qui dolorum.','2017-09-29 23:30:17','2011-06-18 03:26:33');
/*!40000 ALTER TABLE `communities` ENABLE KEYS */;
UNLOCK TABLES;

--
-- Table structure for table `communities_users`
--

DROP TABLE IF EXISTS `communities_users`;
/*!40101 SET @saved_cs_client     = @@character_set_client */;
/*!50503 SET character_set_client = utf8mb4 */;
CREATE TABLE `communities_users` (
  `community_id` int unsigned NOT NULL COMMENT 'Ссылка на группу',
  `user_id` int unsigned NOT NULL COMMENT 'Ссылка на пользователя',
  `created_at` datetime DEFAULT CURRENT_TIMESTAMP COMMENT 'Время создания строки',
  PRIMARY KEY (`community_id`,`user_id`) COMMENT 'Составной первичный ключ'
) ENGINE=InnoDB DEFAULT CHARSET=utf8 COLLATE=utf8_unicode_ci COMMENT='Участники групп, связь между пользователями и группами';
/*!40101 SET character_set_client = @saved_cs_client */;

--
-- Dumping data for table `communities_users`
--

LOCK TABLES `communities_users` WRITE;
/*!40000 ALTER TABLE `communities_users` DISABLE KEYS */;
INSERT INTO `communities_users` VALUES (2,49,'2011-04-11 22:10:54'),(3,4,'2018-06-14 13:22:55'),(3,38,'2015-10-19 20:21:42'),(5,20,'2014-10-05 03:51:04'),(5,54,'2010-12-25 09:07:21'),(6,28,'2019-09-01 02:34:23'),(7,84,'2015-02-23 06:04:32'),(8,51,'2016-09-11 11:34:14'),(8,68,'2018-09-30 23:33:18'),(8,77,'2016-12-10 09:52:37'),(9,5,'2017-10-05 00:04:22'),(9,80,'2013-01-10 02:22:17'),(12,29,'2014-03-22 14:02:11'),(12,87,'2015-11-24 18:27:05'),(13,41,'2015-04-30 15:06:39'),(13,53,'2016-03-31 21:08:04'),(15,1,'2011-02-11 03:34:10'),(16,26,'2019-11-17 20:51:42'),(17,34,'2013-12-12 23:19:22'),(17,48,'2015-05-04 15:39:24'),(18,4,'2020-01-08 04:08:26'),(18,97,'2014-12-18 18:08:13'),(19,90,'2013-08-15 01:43:30'),(20,25,'2012-11-02 07:08:17'),(22,35,'2011-02-12 21:11:37'),(22,60,'2010-09-27 11:42:25'),(22,64,'2012-11-15 05:38:54'),(25,98,'2014-12-09 21:56:27'),(28,71,'2018-03-23 16:59:01'),(28,100,'2013-03-14 02:57:04'),(29,46,'2015-02-04 13:13:25'),(29,57,'2012-11-06 20:50:03'),(29,73,'2015-12-16 07:29:49'),(30,32,'2020-08-04 13:16:19'),(30,76,'2016-05-16 21:05:12'),(31,34,'2018-09-06 19:02:25'),(33,37,'2019-03-12 01:50:41'),(36,58,'2018-04-16 02:02:22'),(36,59,'2011-07-06 10:25:59'),(37,25,'2016-10-15 07:49:45'),(38,5,'2020-07-03 15:24:19'),(38,76,'2013-12-12 12:04:05'),(40,10,'2014-04-29 18:19:47'),(42,23,'2020-07-15 02:29:00'),(43,59,'2015-10-09 07:32:21'),(43,77,'2013-11-05 12:55:04'),(44,5,'2011-08-10 12:30:26'),(44,11,'2017-04-04 08:59:11'),(44,57,'2016-04-27 09:35:59'),(44,79,'2012-07-27 01:31:16'),(44,83,'2014-10-28 06:02:55'),(45,12,'2014-09-12 06:30:57'),(45,79,'2016-04-19 21:39:19'),(46,4,'2013-01-08 01:26:55'),(46,60,'2017-07-13 21:13:10'),(49,84,'2020-03-19 23:24:53'),(50,72,'2016-10-30 06:49:06'),(50,82,'2015-05-18 16:12:55'),(51,94,'2018-04-09 04:10:50'),(52,36,'2017-08-16 11:18:35'),(52,55,'2014-07-15 14:58:38'),(52,71,'2013-01-31 09:40:14'),(53,55,'2013-06-17 18:29:18'),(54,16,'2015-08-20 05:42:29'),(57,48,'2012-11-15 18:48:35'),(61,7,'2018-11-18 11:52:46'),(61,51,'2012-08-13 18:53:11'),(61,53,'2016-06-05 23:53:28'),(62,26,'2011-02-18 05:19:40'),(62,74,'2018-12-09 07:33:16'),(63,25,'2012-11-13 06:47:23'),(64,72,'2019-12-14 20:06:33'),(67,26,'2020-04-24 00:39:00'),(68,97,'2018-11-03 16:00:48'),(71,29,'2018-09-22 21:53:32'),(71,68,'2020-02-15 16:57:58'),(72,69,'2015-04-24 08:20:17'),(72,87,'2016-12-07 01:25:24'),(73,96,'2020-05-26 09:51:44'),(74,2,'2017-05-26 06:26:49'),(74,37,'2011-06-09 00:07:44'),(74,81,'2014-08-15 03:40:03'),(75,11,'2013-11-25 08:47:52'),(79,28,'2013-09-01 16:07:57'),(80,18,'2013-04-14 14:33:43'),(80,82,'2018-08-28 06:42:20'),(81,25,'2011-02-22 22:35:19'),(82,47,'2014-03-29 07:00:27'),(82,65,'2014-05-12 21:58:28'),(83,20,'2014-02-27 00:56:01'),(83,55,'2017-09-10 09:10:53'),(85,45,'2011-08-16 20:52:41'),(88,39,'2015-09-03 15:08:55'),(89,92,'2020-02-11 23:03:40'),(92,6,'2010-11-04 07:27:28'),(93,93,'2016-06-12 16:46:16'),(94,60,'2017-11-10 09:30:57'),(94,84,'2019-05-17 04:42:36'),(96,10,'2017-01-18 04:15:22'),(99,45,'2012-10-04 05:13:05');
/*!40000 ALTER TABLE `communities_users` ENABLE KEYS */;
UNLOCK TABLES;

--
-- Table structure for table `friendship`
--

DROP TABLE IF EXISTS `friendship`;
/*!40101 SET @saved_cs_client     = @@character_set_client */;
/*!50503 SET character_set_client = utf8mb4 */;
CREATE TABLE `friendship` (
  `user_id` int unsigned NOT NULL COMMENT 'Ссылка на инициатора дружеских отношений',
  `friend_id` int unsigned NOT NULL COMMENT 'Ссылка на получателя приглашения дружить',
  `status_id` int unsigned NOT NULL COMMENT 'Ссылка на статус (текущее состояние) отношений',
  `requested_at` datetime DEFAULT CURRENT_TIMESTAMP COMMENT 'Время отправления приглашения дружить',
  `confirmed_at` datetime DEFAULT NULL COMMENT 'Время подтверждения приглашения',
  `created_at` datetime DEFAULT CURRENT_TIMESTAMP COMMENT 'Время создания строки',
  `updated_at` datetime DEFAULT CURRENT_TIMESTAMP ON UPDATE CURRENT_TIMESTAMP COMMENT 'Время обновления строки',
  PRIMARY KEY (`user_id`,`friend_id`) COMMENT 'Составной первичный ключ'
) ENGINE=InnoDB DEFAULT CHARSET=utf8 COLLATE=utf8_unicode_ci COMMENT='Таблица дружбы';
/*!40101 SET character_set_client = @saved_cs_client */;

--
-- Dumping data for table `friendship`
--

LOCK TABLES `friendship` WRITE;
/*!40000 ALTER TABLE `friendship` DISABLE KEYS */;
INSERT INTO `friendship` VALUES (2,3,9,'2017-07-11 10:00:10','2012-05-28 10:09:26','2018-04-02 08:28:50','2010-09-10 12:26:43'),(2,51,3,'2018-09-23 12:56:31','2013-12-11 19:19:03','2011-09-24 20:33:46','2014-05-02 03:19:08'),(4,22,6,'2012-07-07 20:38:00','2019-07-02 03:45:58','2018-03-10 04:07:01','2011-11-19 19:49:12'),(5,43,6,'2015-09-21 15:28:19','2013-02-14 11:29:22','2014-10-23 08:24:00','2014-09-16 13:45:02'),(6,17,9,'2020-04-25 15:57:09','2016-09-23 22:58:51','2017-06-08 16:20:01','2018-06-27 04:44:57'),(7,21,4,'2012-06-24 16:37:37','2011-09-14 21:28:17','2012-04-21 23:23:58','2013-07-24 19:54:52'),(7,60,2,'2018-11-26 13:58:34','2019-04-26 07:00:52','2014-02-11 03:26:38','2015-03-24 17:24:38'),(8,18,10,'2012-05-27 16:06:01','2012-07-16 11:45:41','2010-09-20 13:25:58','2013-07-03 22:52:00'),(11,62,2,'2017-06-29 16:30:10','2016-09-19 07:04:35','2019-10-18 06:57:25','2013-06-18 05:45:30'),(12,76,10,'2010-10-22 16:47:05','2016-10-28 08:34:36','2013-10-18 15:57:27','2011-03-22 02:01:06'),(12,81,8,'2016-08-08 08:14:41','2019-12-21 03:46:18','2013-09-11 13:19:38','2010-10-08 13:45:59'),(13,8,8,'2011-10-23 11:23:20','2013-06-04 11:59:01','2018-04-03 09:06:35','2018-10-12 18:49:28'),(13,51,4,'2019-03-28 22:32:14','2011-08-30 04:02:28','2015-07-12 17:42:29','2018-06-12 08:32:44'),(14,55,6,'2016-09-10 05:30:29','2011-04-25 20:31:46','2016-07-06 09:25:38','2016-12-23 21:23:45'),(14,75,10,'2012-09-16 22:47:51','2011-03-16 00:43:01','2017-11-14 04:17:19','2014-04-05 01:13:13'),(14,100,8,'2011-10-14 06:07:28','2020-07-03 06:58:33','2016-12-23 19:52:55','2018-02-07 22:57:48'),(15,77,8,'2012-05-17 00:34:01','2019-12-28 20:18:48','2010-10-28 09:15:51','2020-07-15 09:17:52'),(16,14,10,'2015-10-25 06:47:19','2014-12-22 00:28:11','2012-05-11 15:26:00','2015-02-11 12:09:20'),(16,37,2,'2012-07-28 20:46:01','2016-10-08 01:19:23','2018-03-31 00:04:28','2016-10-06 16:21:13'),(16,65,7,'2014-02-10 02:25:23','2019-10-22 07:10:28','2016-08-28 22:59:09','2013-09-27 17:59:38'),(20,61,7,'2011-10-26 16:57:34','2018-05-21 05:45:59','2012-07-07 04:18:23','2012-11-18 17:36:10'),(21,12,4,'2019-02-27 00:34:05','2013-08-19 03:04:25','2011-08-16 21:17:10','2014-05-10 01:16:10'),(21,76,4,'2011-10-11 20:01:10','2018-03-01 05:55:43','2017-01-18 09:24:13','2019-03-26 18:31:03'),(24,21,8,'2011-12-18 15:59:10','2013-06-25 06:00:30','2011-08-30 14:58:59','2020-05-23 17:43:50'),(26,63,6,'2015-06-22 23:18:41','2015-11-17 18:02:33','2017-05-18 21:12:55','2011-03-27 11:12:15'),(28,29,7,'2011-09-17 12:31:18','2018-05-08 09:49:10','2017-09-04 16:24:43','2019-09-15 20:00:32'),(28,44,4,'2014-06-07 08:03:23','2019-08-19 00:51:42','2016-09-06 21:50:11','2018-10-31 21:48:20'),(28,45,1,'2013-09-11 05:45:26','2016-08-05 15:44:10','2019-11-16 21:55:54','2015-04-17 11:49:23'),(28,56,3,'2017-02-16 13:45:20','2011-06-23 21:25:29','2013-01-19 05:02:57','2011-11-19 03:57:03'),(28,72,7,'2017-02-28 11:56:24','2014-12-24 04:51:14','2020-02-03 18:35:59','2014-07-31 19:36:55'),(31,3,1,'2014-02-02 10:49:49','2013-12-20 18:15:10','2019-03-16 20:20:30','2019-10-10 01:59:57'),(31,18,1,'2011-10-08 11:33:16','2018-01-23 09:57:38','2012-01-22 11:05:18','2019-05-14 08:13:14'),(34,5,8,'2011-11-15 21:00:35','2019-02-04 03:14:55','2013-10-14 18:06:53','2019-05-14 16:34:05'),(36,24,2,'2014-09-13 22:42:24','2015-01-22 22:56:23','2014-06-19 02:37:26','2017-09-25 07:27:11'),(38,41,1,'2014-04-12 00:36:59','2017-03-28 23:56:24','2017-01-07 20:50:14','2013-02-23 14:22:42'),(38,90,3,'2018-04-19 04:53:41','2015-07-01 15:56:17','2015-04-13 02:15:34','2013-06-28 04:46:55'),(39,15,2,'2014-05-09 02:23:05','2010-10-02 12:22:57','2011-10-30 06:23:43','2020-01-17 23:59:50'),(39,44,2,'2016-06-17 22:52:41','2012-10-19 19:44:35','2013-02-16 11:57:55','2020-05-27 16:09:27'),(41,88,5,'2019-05-01 16:17:08','2014-08-29 20:15:50','2011-09-08 18:44:53','2018-08-22 12:31:20'),(42,87,5,'2014-03-07 01:25:38','2018-12-24 22:56:10','2018-05-17 09:50:20','2017-02-13 13:53:20'),(43,22,10,'2019-03-06 10:37:02','2015-03-04 05:54:30','2016-03-12 13:00:11','2014-07-25 19:20:51'),(43,63,4,'2019-08-17 10:41:37','2011-11-15 02:34:49','2020-06-11 13:27:45','2020-01-10 03:21:17'),(44,14,4,'2011-03-14 18:01:04','2010-11-28 05:08:01','2013-01-12 19:56:33','2015-02-10 14:34:25'),(44,34,2,'2018-01-07 19:06:45','2016-04-06 15:32:58','2019-07-17 20:05:27','2019-02-25 00:50:37'),(44,98,1,'2017-05-26 05:44:34','2019-11-22 06:34:47','2017-02-16 06:38:08','2015-07-20 14:54:37'),(45,74,8,'2020-04-10 12:03:10','2016-03-23 00:16:43','2015-06-08 19:59:17','2012-10-14 05:25:59'),(47,66,9,'2011-05-11 21:56:52','2012-04-28 20:36:52','2012-04-07 22:18:55','2019-01-15 13:11:15'),(47,96,8,'2010-11-08 16:03:15','2017-12-31 22:55:04','2017-03-03 13:33:07','2019-03-26 05:51:59'),(49,48,7,'2019-07-28 22:26:52','2010-09-11 08:54:55','2011-10-14 02:45:09','2013-09-09 12:12:12'),(49,75,2,'2013-01-20 09:05:31','2018-04-19 02:35:30','2017-12-20 21:39:04','2019-04-29 18:41:25'),(50,35,9,'2019-09-07 17:24:53','2012-01-25 12:54:22','2012-04-25 09:42:14','2010-10-22 17:28:22'),(51,44,6,'2017-05-22 11:26:11','2014-11-17 23:32:10','2015-02-05 07:00:50','2010-08-31 08:06:53'),(53,5,9,'2013-05-03 21:55:48','2016-11-18 03:58:38','2012-03-21 18:07:23','2015-01-29 05:58:28'),(53,82,3,'2019-06-21 08:48:38','2011-10-24 10:51:53','2012-10-07 10:52:35','2011-01-04 03:38:10'),(56,26,9,'2019-03-06 06:07:48','2013-08-29 13:58:46','2018-06-30 03:54:03','2012-02-19 19:22:32'),(58,56,2,'2017-03-11 14:06:48','2019-04-19 01:11:07','2019-09-23 07:20:13','2017-03-28 13:36:17'),(58,78,10,'2016-10-26 21:05:59','2016-04-24 16:51:19','2018-05-22 09:44:48','2012-10-16 21:08:35'),(59,31,3,'2015-03-29 17:23:10','2020-03-26 08:09:53','2018-07-09 00:37:06','2017-01-14 16:50:15'),(59,59,1,'2013-03-18 16:44:31','2018-12-07 11:54:42','2016-10-26 09:06:43','2014-06-09 09:54:47'),(62,63,10,'2015-05-09 21:29:04','2012-07-20 23:28:33','2019-06-17 00:35:52','2018-09-26 22:59:05'),(64,96,8,'2013-12-05 05:24:00','2014-09-22 03:46:20','2017-10-23 04:32:32','2013-04-16 03:08:24'),(66,38,6,'2017-02-11 03:45:46','2015-05-19 21:11:08','2017-10-24 23:42:39','2015-11-03 12:57:54'),(66,83,1,'2011-07-01 11:27:17','2011-07-14 05:12:19','2017-02-01 01:00:19','2011-09-14 15:27:08'),(67,90,4,'2012-01-06 11:32:36','2013-07-11 04:12:35','2019-05-08 08:45:40','2017-08-19 02:43:30'),(67,92,9,'2019-11-25 09:59:23','2012-03-13 10:45:31','2012-10-31 20:48:07','2020-03-15 10:39:04'),(68,66,4,'2014-04-17 13:47:38','2013-04-26 04:21:29','2014-07-16 11:13:16','2011-05-02 04:36:34'),(68,73,10,'2013-06-03 23:26:44','2019-12-20 09:02:42','2018-10-25 17:47:49','2015-09-13 04:48:06'),(68,82,8,'2019-10-09 11:59:02','2015-01-06 10:54:15','2015-02-19 11:47:18','2017-02-11 03:05:01'),(71,85,9,'2012-12-08 00:19:48','2018-06-15 04:48:52','2013-06-20 04:52:07','2015-11-19 16:54:13'),(73,82,6,'2011-10-04 21:16:45','2013-08-08 13:36:40','2011-07-05 18:23:20','2017-02-07 21:16:45'),(74,25,8,'2012-06-01 00:36:48','2015-07-28 12:18:29','2010-10-14 21:58:54','2012-10-09 20:04:43'),(76,38,8,'2015-03-04 00:44:45','2018-07-27 13:13:39','2010-09-05 21:04:03','2019-06-25 14:39:08'),(76,40,1,'2013-03-15 00:38:53','2012-01-03 19:32:31','2012-04-09 16:41:57','2018-10-29 21:32:28'),(77,8,4,'2017-04-23 03:17:36','2019-04-18 18:34:37','2010-10-30 10:08:12','2013-03-15 10:33:15'),(78,37,5,'2018-08-22 19:36:17','2017-04-07 21:59:28','2015-09-18 11:54:01','2012-07-27 09:03:36'),(78,69,8,'2011-03-14 04:20:40','2011-10-24 15:05:41','2019-10-15 07:20:29','2017-03-25 20:05:02'),(79,5,2,'2018-02-17 10:53:56','2015-06-04 05:12:27','2013-09-26 15:30:55','2014-05-05 07:42:50'),(81,97,5,'2018-11-12 01:37:20','2020-05-26 05:27:50','2018-07-05 06:09:30','2013-11-15 08:34:46'),(84,70,7,'2015-07-10 19:09:58','2014-12-06 21:00:08','2013-11-06 08:13:05','2018-10-17 11:29:05'),(85,38,7,'2012-03-13 16:38:41','2019-10-10 20:40:09','2016-06-07 23:38:57','2019-04-17 00:11:55'),(85,87,2,'2012-04-05 04:54:53','2017-01-04 04:20:04','2012-04-13 13:31:46','2018-12-30 16:29:27'),(85,95,8,'2017-06-13 00:44:32','2011-05-25 23:51:37','2012-09-20 07:01:09','2012-08-17 19:20:28'),(86,25,5,'2011-02-16 13:11:23','2011-11-04 03:52:01','2013-02-06 13:29:42','2020-05-01 14:11:47'),(86,62,2,'2010-12-13 01:54:28','2016-09-07 07:22:27','2013-11-16 15:48:02','2014-06-02 07:31:04'),(86,83,3,'2017-12-17 15:56:01','2017-03-22 23:07:09','2015-07-03 15:09:36','2020-07-02 07:42:59'),(87,16,2,'2017-11-07 18:06:56','2016-05-15 02:10:18','2017-08-15 03:32:12','2013-01-02 19:12:11'),(88,22,8,'2012-12-25 07:12:35','2012-08-27 05:46:51','2019-03-16 02:59:54','2019-10-24 19:34:55'),(88,30,1,'2020-01-08 22:40:12','2020-07-31 16:21:04','2014-05-22 06:49:56','2012-11-20 19:09:44'),(89,79,5,'2019-09-13 11:26:42','2018-06-25 21:25:38','2011-03-22 13:03:26','2012-09-02 06:24:45'),(90,99,1,'2019-03-25 12:30:52','2016-09-21 09:35:14','2011-03-12 02:15:27','2011-01-09 18:51:49'),(92,29,8,'2019-02-16 06:40:24','2017-08-02 16:44:11','2020-01-11 09:35:04','2014-07-03 00:37:38'),(92,73,9,'2017-11-11 21:04:35','2017-06-30 20:07:49','2017-04-07 16:25:42','2013-07-21 05:17:29'),(94,65,5,'2015-05-12 20:47:51','2012-05-30 10:45:29','2012-06-26 11:10:08','2016-08-31 07:31:22'),(95,47,9,'2012-01-22 20:03:13','2019-12-29 00:56:42','2017-10-19 00:19:53','2016-12-28 19:09:51'),(96,33,8,'2012-07-10 13:49:45','2016-01-27 21:11:08','2017-04-14 10:18:00','2013-12-08 14:54:29'),(97,19,2,'2019-10-14 17:55:59','2014-02-13 04:36:44','2019-08-12 17:08:42','2013-05-16 11:30:57'),(97,69,9,'2019-03-12 12:13:12','2015-07-04 06:53:54','2019-04-03 19:25:15','2011-05-08 18:41:22'),(97,73,3,'2012-06-13 19:56:07','2020-05-11 00:22:05','2019-03-23 01:41:50','2018-06-18 13:07:24'),(98,5,3,'2016-12-22 08:30:49','2014-12-15 13:23:51','2015-01-28 17:07:14','2015-10-12 00:41:30'),(100,71,8,'2014-08-19 05:49:53','2020-06-23 11:38:05','2012-09-08 09:57:28','2014-06-18 21:42:05');
/*!40000 ALTER TABLE `friendship` ENABLE KEYS */;
UNLOCK TABLES;

--
-- Table structure for table `friendship_statuses`
--

DROP TABLE IF EXISTS `friendship_statuses`;
/*!40101 SET @saved_cs_client     = @@character_set_client */;
/*!50503 SET character_set_client = utf8mb4 */;
CREATE TABLE `friendship_statuses` (
  `id` int unsigned NOT NULL AUTO_INCREMENT COMMENT 'Идентификатор строки',
  `name` varchar(150) CHARACTER SET utf8 COLLATE utf8_unicode_ci NOT NULL COMMENT 'Название статуса',
  `created_at` datetime DEFAULT CURRENT_TIMESTAMP COMMENT 'Время создания строки',
  `updated_at` datetime DEFAULT CURRENT_TIMESTAMP ON UPDATE CURRENT_TIMESTAMP COMMENT 'Время обновления строки',
  PRIMARY KEY (`id`),
  UNIQUE KEY `name` (`name`)
) ENGINE=InnoDB AUTO_INCREMENT=11 DEFAULT CHARSET=utf8 COLLATE=utf8_unicode_ci COMMENT='Статусы дружбы';
/*!40101 SET character_set_client = @saved_cs_client */;

--
-- Dumping data for table `friendship_statuses`
--

LOCK TABLES `friendship_statuses` WRITE;
/*!40000 ALTER TABLE `friendship_statuses` DISABLE KEYS */;
INSERT INTO `friendship_statuses` VALUES (1,'Sed et aut veniam minus et.','2012-10-28 17:57:02','2012-10-23 18:03:35'),(2,'Ut suscipit quas ab et.','2019-02-24 04:08:29','2011-09-11 05:18:07'),(3,'Magni sit deleniti earum totam laborum accusamus error.','2011-05-23 22:11:37','2020-03-15 19:59:18'),(4,'Repudiandae quibusdam unde debitis recusandae voluptatibus ex id.','2012-03-11 13:47:39','2015-05-18 18:56:52'),(5,'Non ipsum praesentium aut porro eos hic eum.','2017-08-25 19:20:45','2017-07-24 19:22:25'),(6,'Quia vitae et quia fuga quas pariatur.','2015-05-01 17:03:21','2012-09-30 22:23:14'),(7,'Dolor reprehenderit atque ut.','2017-03-04 03:47:21','2018-01-04 08:11:12'),(8,'Dignissimos possimus tenetur vero veritatis aut et.','2016-09-26 14:34:57','2018-04-28 21:22:18'),(9,'Dicta explicabo nulla esse similique cum.','2018-03-12 07:52:33','2017-08-24 22:41:43'),(10,'Sequi rem qui repellat vel est ut.','2017-05-22 23:36:41','2019-02-27 08:34:56');
/*!40000 ALTER TABLE `friendship_statuses` ENABLE KEYS */;
UNLOCK TABLES;

--
-- Table structure for table `media`
--

DROP TABLE IF EXISTS `media`;
/*!40101 SET @saved_cs_client     = @@character_set_client */;
/*!50503 SET character_set_client = utf8mb4 */;
CREATE TABLE `media` (
  `id` int unsigned NOT NULL AUTO_INCREMENT COMMENT 'Идентификатор строки',
  `user_id` int unsigned NOT NULL COMMENT 'Ссылка на пользователя, который загрузил файл',
  `filename` varchar(255) CHARACTER SET utf8 COLLATE utf8_unicode_ci NOT NULL COMMENT 'Путь к файлу',
  `size` int NOT NULL COMMENT 'Размер файла',
  `metadata` longtext CHARACTER SET utf8mb4 COLLATE utf8mb4_bin COMMENT 'Метаданные файла',
  `media_type_id` int unsigned NOT NULL COMMENT 'Ссылка на тип контента',
  `created_at` datetime DEFAULT CURRENT_TIMESTAMP COMMENT 'Время создания строки',
  `updated_at` datetime DEFAULT CURRENT_TIMESTAMP ON UPDATE CURRENT_TIMESTAMP COMMENT 'Время обновления строки',
  PRIMARY KEY (`id`),
  CONSTRAINT `media_chk_1` CHECK (json_valid(`metadata`))
) ENGINE=InnoDB AUTO_INCREMENT=101 DEFAULT CHARSET=utf8 COLLATE=utf8_unicode_ci COMMENT='Медиафайлы';
/*!40101 SET character_set_client = @saved_cs_client */;

--
-- Dumping data for table `media`
--

LOCK TABLES `media` WRITE;
/*!40000 ALTER TABLE `media` DISABLE KEYS */;
INSERT INTO `media` VALUES (1,65,'http://www.buckridge.com/',870320988,NULL,5,'2014-10-12 16:55:35','2017-08-05 06:16:48'),(2,45,'http://yundtarmstrong.com/',1,NULL,10,'2016-06-23 04:54:26','2014-08-28 20:12:19'),(3,12,'http://www.rutherford.com/',239,NULL,10,'2014-08-06 11:43:29','2019-03-27 01:23:11'),(4,50,'http://gottlieb.com/',4220834,NULL,1,'2013-11-10 10:43:52','2017-10-17 20:09:24'),(5,57,'http://oharawolf.com/',35,NULL,13,'2013-10-13 09:14:36','2018-09-16 16:57:52'),(6,46,'http://lueilwitz.org/',0,NULL,19,'2019-07-30 21:33:56','2016-08-31 13:22:48'),(7,83,'http://www.ruecker.biz/',206569,NULL,4,'2017-11-23 11:20:01','2014-10-28 23:06:22'),(8,97,'http://effertz.net/',3,NULL,3,'2017-06-05 06:16:46','2017-05-07 01:31:32'),(9,34,'http://haag.biz/',95200638,NULL,12,'2018-03-25 16:10:41','2014-11-30 23:01:43'),(10,63,'http://predovicraynor.com/',89924234,NULL,4,'2014-10-12 00:45:07','2016-08-05 23:35:35'),(11,3,'http://bahringerboyer.org/',2898314,NULL,7,'2012-09-17 01:20:37','2013-01-07 19:03:24'),(12,59,'http://schinner.info/',5545,NULL,12,'2017-09-22 09:55:10','2017-02-16 19:09:18'),(13,63,'http://www.stantonfriesen.com/',8,NULL,16,'2015-05-09 03:02:26','2016-02-01 20:45:13'),(14,8,'http://www.mcdermott.com/',865251932,NULL,13,'2018-03-29 12:37:11','2014-11-18 07:26:14'),(15,30,'http://bernier.org/',1949,NULL,3,'2017-02-05 01:55:49','2012-05-17 09:30:34'),(16,6,'http://cassin.info/',302186,NULL,19,'2012-10-01 20:58:31','2011-01-22 12:01:33'),(17,35,'http://nader.com/',4,NULL,10,'2019-01-19 13:13:58','2018-07-04 18:50:07'),(18,42,'http://grimes.info/',75443,NULL,10,'2016-04-08 13:30:27','2013-07-14 22:19:31'),(19,99,'http://www.schaefer.com/',60376629,NULL,19,'2011-11-02 12:55:57','2014-08-14 01:49:16'),(20,50,'http://sengerkoelpin.com/',747011868,NULL,11,'2017-10-25 14:22:29','2018-07-05 08:45:04'),(21,54,'http://oconnell.com/',65161235,NULL,19,'2019-05-24 21:42:38','2016-01-04 17:29:51'),(22,46,'http://ferryziemann.com/',11144,NULL,8,'2013-09-08 21:04:31','2016-11-03 21:46:49'),(23,11,'http://ritchie.com/',8669,NULL,9,'2013-05-17 00:59:35','2019-06-22 08:02:55'),(24,49,'http://fadel.org/',3154326,NULL,9,'2017-08-17 19:10:26','2013-11-23 14:55:03'),(25,2,'http://daugherty.com/',85167162,NULL,3,'2011-07-12 11:17:30','2020-07-23 06:23:05'),(26,61,'http://ruecker.biz/',2,NULL,1,'2020-07-06 19:42:41','2019-01-03 20:03:27'),(27,45,'http://wilkinsonemard.com/',21693,NULL,4,'2014-03-24 07:06:51','2018-08-03 14:22:47'),(28,64,'http://www.hamilllakin.com/',620951,NULL,2,'2013-08-28 07:03:54','2018-10-23 01:26:13'),(29,99,'http://stehr.com/',75954147,NULL,15,'2016-10-10 12:49:32','2015-11-12 13:58:24'),(30,72,'http://www.huels.com/',590698095,NULL,6,'2011-12-20 16:37:37','2018-10-19 21:44:32'),(31,86,'http://www.dicki.com/',9887,NULL,16,'2019-10-01 09:03:49','2013-11-15 04:58:24'),(32,22,'http://watsica.net/',6,NULL,5,'2017-09-19 13:34:19','2013-05-08 14:52:15'),(33,28,'http://altenwerthklocko.net/',4246302,NULL,13,'2016-01-03 19:08:25','2014-11-20 15:56:48'),(34,67,'http://www.jastfadel.net/',9717246,NULL,6,'2016-10-10 02:50:04','2020-07-24 22:54:44'),(35,54,'http://kovacek.biz/',964439,NULL,4,'2018-10-25 07:14:57','2018-07-16 21:56:07'),(36,81,'http://www.greenlockman.com/',2229,NULL,2,'2014-07-01 07:12:52','2011-06-08 21:33:15'),(37,11,'http://www.mckenzie.org/',228028,NULL,6,'2015-12-21 16:46:12','2017-07-26 17:26:41'),(38,44,'http://www.considinequitzon.org/',73483,NULL,5,'2016-04-15 10:44:21','2011-07-01 17:50:34'),(39,68,'http://www.mullerdickens.org/',9,NULL,19,'2019-08-25 11:32:19','2018-01-26 23:57:05'),(40,66,'http://www.bodebernier.net/',6908004,NULL,14,'2015-03-15 23:50:59','2015-12-25 12:08:06'),(41,4,'http://www.harveymertz.com/',99545,NULL,6,'2014-08-16 16:08:18','2011-03-30 12:27:23'),(42,74,'http://turnerkassulke.info/',69429415,NULL,10,'2014-01-15 11:46:16','2019-10-23 21:51:14'),(43,46,'http://www.emard.net/',15376471,NULL,8,'2019-08-15 16:10:24','2010-08-26 16:33:21'),(44,55,'http://www.gaylord.com/',8024537,NULL,9,'2011-10-08 00:18:43','2017-02-23 20:27:22'),(45,9,'http://schmitt.org/',568,NULL,6,'2015-10-02 09:16:47','2019-08-13 00:52:37'),(46,72,'http://www.sipes.com/',241599231,NULL,19,'2018-06-07 08:46:17','2015-06-18 01:36:45'),(47,4,'http://www.ohara.com/',822,NULL,19,'2011-11-19 08:01:29','2013-04-11 19:52:54'),(48,15,'http://www.cronarau.com/',4273682,NULL,7,'2016-06-01 06:13:49','2015-06-30 20:39:47'),(49,56,'http://www.haley.com/',26839301,NULL,17,'2011-07-24 19:49:10','2014-12-03 02:54:12'),(50,56,'http://corkeryfriesen.biz/',29185782,NULL,2,'2019-09-04 00:01:15','2020-04-17 22:26:49'),(51,98,'http://larson.com/',202433,NULL,8,'2015-04-29 02:53:17','2011-10-09 11:52:56'),(52,16,'http://lemke.info/',13895929,NULL,2,'2020-03-15 17:38:44','2013-11-15 01:18:49'),(53,62,'http://www.gerholdhand.biz/',928,NULL,12,'2018-03-10 17:38:32','2011-07-27 10:11:31'),(54,30,'http://dibbertsporer.org/',105564396,NULL,6,'2014-04-10 14:37:27','2017-07-14 08:05:11'),(55,52,'http://daughertystark.biz/',90,NULL,20,'2018-10-13 07:37:34','2020-07-27 12:31:25'),(56,99,'http://www.bauchwelch.org/',88580,NULL,11,'2013-10-11 16:10:24','2019-09-09 08:52:39'),(57,22,'http://www.rolfson.com/',785750,NULL,15,'2017-05-01 19:56:55','2016-05-12 18:30:55'),(58,3,'http://erdmanbrekke.com/',577925521,NULL,14,'2012-04-27 23:25:16','2018-02-05 11:29:03'),(59,9,'http://www.brekkelubowitz.com/',425130,NULL,12,'2020-01-06 11:28:44','2017-04-24 18:53:30'),(60,11,'http://www.schmeler.org/',24,NULL,4,'2018-01-04 02:24:56','2012-02-19 13:45:52'),(61,83,'http://www.rohan.org/',23447726,NULL,17,'2019-02-27 00:46:54','2011-12-31 02:42:54'),(62,12,'http://www.harvey.com/',4778,NULL,18,'2019-02-14 03:31:34','2014-10-09 13:40:14'),(63,75,'http://www.stehr.com/',93096037,NULL,6,'2019-09-08 11:21:05','2013-08-20 22:33:19'),(64,17,'http://www.feeney.com/',6379,NULL,6,'2018-04-28 08:15:49','2016-10-11 09:53:11'),(65,8,'http://www.browncruickshank.com/',72973448,NULL,15,'2011-12-20 23:55:54','2015-07-13 05:41:14'),(66,39,'http://www.collins.com/',52,NULL,1,'2017-07-31 06:16:00','2012-03-13 02:24:58'),(67,9,'http://harber.com/',344,NULL,11,'2013-03-04 12:35:58','2010-10-14 21:13:43'),(68,13,'http://www.schoen.com/',862,NULL,15,'2016-10-14 10:00:14','2011-09-17 12:46:31'),(69,14,'http://ohara.com/',928905885,NULL,9,'2016-03-16 22:43:51','2013-05-14 09:57:28'),(70,100,'http://www.terry.info/',9578972,NULL,13,'2018-07-09 02:36:43','2014-06-15 03:26:52'),(71,38,'http://bartoletti.com/',47387940,NULL,20,'2013-12-28 06:32:01','2012-05-02 20:20:21'),(72,20,'http://www.bednarkohler.com/',82462,NULL,12,'2019-08-29 16:18:34','2014-09-10 20:12:13'),(73,70,'http://jacobiondricka.com/',8581920,NULL,5,'2017-07-05 03:08:46','2015-12-14 18:54:26'),(74,27,'http://www.lockmanmcclure.org/',7803107,NULL,16,'2012-05-25 22:10:15','2010-11-27 23:19:49'),(75,78,'http://will.net/',419,NULL,8,'2017-05-18 22:27:57','2017-10-20 15:52:13'),(76,95,'http://herman.info/',8067,NULL,13,'2010-11-28 04:44:59','2011-01-09 05:05:07'),(77,20,'http://gottliebbednar.com/',36,NULL,2,'2017-02-20 17:20:32','2017-01-24 21:17:02'),(78,47,'http://www.hammes.com/',863857108,NULL,19,'2015-09-22 18:50:02','2019-12-09 06:52:52'),(79,33,'http://www.abbott.info/',141,NULL,13,'2018-04-07 10:39:31','2016-06-08 02:57:12'),(80,24,'http://www.stoltenberg.com/',1749,NULL,8,'2015-12-12 07:39:23','2013-07-10 05:53:13'),(81,37,'http://glover.com/',73,NULL,13,'2015-01-30 18:06:32','2010-08-24 10:45:00'),(82,44,'http://www.langoshgutmann.com/',45468,NULL,10,'2011-05-31 17:01:04','2016-06-03 19:02:26'),(83,17,'http://www.mayert.org/',92,NULL,12,'2013-06-02 00:26:18','2018-02-24 13:16:59'),(84,17,'http://konopelski.net/',991,NULL,6,'2019-09-25 09:44:11','2018-09-09 20:07:55'),(85,98,'http://reynoldsstanton.info/',7751,NULL,4,'2018-07-21 14:19:21','2013-09-29 06:55:26'),(86,95,'http://block.org/',27129648,NULL,8,'2011-08-03 11:37:06','2015-07-17 10:22:49'),(87,14,'http://www.damore.com/',80526,NULL,3,'2018-06-02 18:40:49','2012-02-25 05:08:06'),(88,96,'http://oharashields.biz/',97081691,NULL,17,'2012-05-11 01:26:42','2019-01-09 17:49:17'),(89,36,'http://carter.com/',8838,NULL,5,'2011-11-14 21:48:31','2011-01-07 23:37:04'),(90,61,'http://www.gerlachking.com/',958,NULL,3,'2017-10-30 12:03:51','2014-08-01 20:17:15'),(91,59,'http://www.ratke.com/',607,NULL,12,'2018-12-30 15:47:49','2020-04-03 10:15:54'),(92,74,'http://smithhand.com/',8887,NULL,16,'2018-11-18 21:31:08','2016-10-27 13:39:01'),(93,62,'http://muellerzemlak.com/',13,NULL,5,'2014-02-27 07:30:56','2012-02-14 07:43:27'),(94,72,'http://www.bruen.net/',5388944,NULL,19,'2016-06-03 05:51:47','2020-03-14 17:52:30'),(95,85,'http://oreilly.com/',7,NULL,20,'2015-12-06 12:55:16','2020-07-13 03:05:36'),(96,33,'http://walterritchie.com/',60893,NULL,5,'2017-11-08 19:41:14','2011-04-02 20:23:34'),(97,58,'http://schinnerrutherford.com/',124008,NULL,16,'2020-04-30 18:46:57','2019-01-18 19:34:11'),(98,67,'http://champlinoberbrunner.com/',326678,NULL,15,'2019-05-22 14:22:08','2015-03-20 14:07:22'),(99,32,'http://www.hudson.com/',273545,NULL,17,'2012-03-05 02:36:37','2018-10-15 20:51:48'),(100,4,'http://www.wolff.org/',77566321,NULL,6,'2014-08-09 11:45:29','2012-06-07 00:06:52');
/*!40000 ALTER TABLE `media` ENABLE KEYS */;
UNLOCK TABLES;

--
-- Table structure for table `media_types`
--

DROP TABLE IF EXISTS `media_types`;
/*!40101 SET @saved_cs_client     = @@character_set_client */;
/*!50503 SET character_set_client = utf8mb4 */;
CREATE TABLE `media_types` (
  `id` int unsigned NOT NULL AUTO_INCREMENT COMMENT 'Идентификатор строки',
  `name` varchar(255) CHARACTER SET utf8 COLLATE utf8_unicode_ci NOT NULL COMMENT 'Название типа',
  `created_at` datetime DEFAULT CURRENT_TIMESTAMP COMMENT 'Время создания строки',
  `updated_at` datetime DEFAULT CURRENT_TIMESTAMP ON UPDATE CURRENT_TIMESTAMP COMMENT 'Время обновления строки',
  PRIMARY KEY (`id`),
  UNIQUE KEY `name` (`name`)
) ENGINE=InnoDB AUTO_INCREMENT=21 DEFAULT CHARSET=utf8 COLLATE=utf8_unicode_ci COMMENT='Типы медиафайлов';
/*!40101 SET character_set_client = @saved_cs_client */;

--
-- Dumping data for table `media_types`
--

LOCK TABLES `media_types` WRITE;
/*!40000 ALTER TABLE `media_types` DISABLE KEYS */;
INSERT INTO `media_types` VALUES (1,'nisi','2014-04-16 15:51:03','2018-01-26 22:34:19'),(2,'quo','2019-03-10 11:52:56','2019-11-07 05:12:38'),(3,'sed','2011-03-25 22:12:48','2011-10-21 20:31:53'),(4,'officia','2017-06-25 03:04:00','2013-07-15 06:24:55'),(5,'veniam','2015-08-13 03:05:23','2012-03-20 18:44:21'),(6,'quisquam','2013-12-03 13:46:16','2018-06-19 05:50:27'),(7,'optio','2013-02-11 12:25:03','2013-11-15 21:05:35'),(8,'aspernatur','2011-06-07 17:34:45','2013-03-27 23:40:08'),(9,'ex','2014-07-08 01:19:53','2017-01-02 23:35:03'),(10,'aut','2014-08-07 16:42:20','2013-12-20 10:05:36'),(11,'voluptatem','2019-10-21 02:30:38','2012-09-02 11:38:24'),(12,'blanditiis','2018-06-08 18:56:25','2015-08-07 15:11:01'),(13,'maiores','2017-12-21 18:08:57','2015-07-18 22:12:53'),(14,'dolorum','2016-07-29 00:55:48','2011-04-17 01:07:35'),(15,'neque','2020-03-01 06:11:20','2011-05-24 03:38:44'),(16,'numquam','2012-11-14 18:03:16','2012-12-23 00:05:44'),(17,'exercitationem','2010-09-25 06:31:52','2016-11-26 23:46:30'),(18,'ut','2016-10-05 18:14:28','2012-04-13 19:26:11'),(19,'rerum','2015-06-29 17:15:15','2020-07-12 10:13:40'),(20,'odio','2015-05-27 18:40:59','2016-04-04 10:13:39');
/*!40000 ALTER TABLE `media_types` ENABLE KEYS */;
UNLOCK TABLES;

--
-- Table structure for table `messages`
--

DROP TABLE IF EXISTS `messages`;
/*!40101 SET @saved_cs_client     = @@character_set_client */;
/*!50503 SET character_set_client = utf8mb4 */;
CREATE TABLE `messages` (
  `id` int unsigned NOT NULL AUTO_INCREMENT COMMENT 'Идентификатор строки',
  `from_user_id` int unsigned NOT NULL COMMENT 'Ссылка на отправителя сообщения',
  `to_user_id` int unsigned NOT NULL COMMENT 'Ссылка на получателя сообщения',
  `body` text CHARACTER SET utf8 COLLATE utf8_unicode_ci NOT NULL COMMENT 'Текст сообщения',
  `is_important` tinyint(1) DEFAULT NULL COMMENT 'Признак важности',
  `is_delivered` tinyint(1) DEFAULT NULL COMMENT 'Признак доставки',
  `created_at` datetime DEFAULT CURRENT_TIMESTAMP COMMENT 'Время создания строки',
  `updated_at` datetime DEFAULT CURRENT_TIMESTAMP ON UPDATE CURRENT_TIMESTAMP COMMENT 'Время обновления строки',
  PRIMARY KEY (`id`)
) ENGINE=InnoDB AUTO_INCREMENT=101 DEFAULT CHARSET=utf8 COLLATE=utf8_unicode_ci COMMENT='Сообщения';
/*!40101 SET character_set_client = @saved_cs_client */;

--
-- Dumping data for table `messages`
--

LOCK TABLES `messages` WRITE;
/*!40000 ALTER TABLE `messages` DISABLE KEYS */;
INSERT INTO `messages` VALUES (1,17,40,'Temporibus alias fugiat accusamus quo molestiae cum exercitationem debitis. Quo nihil labore ex provident placeat inventore. Debitis quas omnis vel.',0,1,'2017-01-03 01:30:39','2019-02-01 05:49:46'),(2,12,23,'Tempora non vero quasi aperiam numquam soluta error. Quia quos sunt unde. Vel similique mollitia earum.',1,1,'2020-06-15 13:22:47','2016-11-04 19:14:34'),(3,1,81,'Quibusdam ut quaerat sint atque. Ad quos consequatur rerum. Deserunt rem voluptates enim quidem. Incidunt dolore explicabo modi iusto veniam a sunt.',0,0,'2011-06-18 00:10:23','2012-01-20 14:22:00'),(4,55,78,'Sed et praesentium doloribus omnis consectetur vitae hic. Rerum omnis omnis tenetur cupiditate unde. Fuga nisi ullam officia ipsum quod. Atque labore doloremque praesentium et.',1,1,'2012-08-17 14:19:38','2019-08-19 13:59:07'),(5,52,30,'Eligendi veniam corrupti explicabo omnis perspiciatis ducimus ut. Aliquam aut cumque est tempora voluptatem neque minima quod. Velit asperiores quasi hic voluptate autem.',0,1,'2011-03-14 00:07:14','2013-06-20 23:38:56'),(6,48,51,'Et labore quas omnis. Dolores voluptatem sequi et et. Voluptas culpa dolores nostrum quos molestias corrupti. Officiis voluptas velit ullam illo.',1,1,'2012-03-04 10:13:28','2014-12-20 11:23:31'),(7,26,52,'Quibusdam aut soluta sint sequi ex sint. Eum sequi aperiam sed. Fugit quo sed enim autem dolor quae iure aut.',0,0,'2010-12-27 06:18:40','2013-04-22 17:16:19'),(8,50,47,'Necessitatibus id molestiae fugit ullam tempore vero ut. Pariatur molestiae fugiat officiis quia. Eos dolores qui molestias id. Quia id laudantium minima non.',1,1,'2019-12-23 21:57:46','2020-05-18 19:37:21'),(9,28,64,'Praesentium accusamus numquam perspiciatis nihil. Labore aut quia in magnam qui deleniti veritatis.',1,0,'2017-01-27 03:06:17','2011-12-23 20:42:55'),(10,79,62,'Nesciunt qui autem suscipit qui voluptates. Est iste ut et sit possimus nemo illum. Omnis qui repudiandae tempore non.',1,0,'2011-03-19 05:03:22','2012-08-04 02:07:27'),(11,92,57,'Qui aut odit accusantium nihil aut. Consequatur deleniti consequatur qui tempore aperiam voluptatibus. Quasi dolor tempore unde minima debitis.',0,1,'2016-10-29 18:06:53','2016-04-26 20:03:00'),(12,9,50,'Asperiores dolores officia impedit voluptas. Eos assumenda eligendi id. Ratione aliquid ducimus ratione in.\nSoluta ipsa error in dolor pariatur. Dignissimos adipisci atque optio pariatur et.',0,0,'2013-10-26 17:45:35','2014-10-27 06:38:14'),(13,29,62,'Explicabo ullam suscipit et eligendi excepturi eveniet sint aut. Et vero est at est voluptatem qui rerum. Optio incidunt et unde molestiae atque sed aut.',1,0,'2016-05-07 19:21:19','2012-08-08 01:33:38'),(14,51,62,'Sed praesentium quaerat voluptatibus. Molestiae qui modi consequuntur et dignissimos. Ab dolores provident quam sint provident. Et facere consequatur voluptates eaque.',0,1,'2015-01-04 12:05:52','2018-05-23 16:43:13'),(15,27,56,'Ipsum magni impedit non laborum sit itaque voluptas. Qui unde officiis repudiandae qui consequatur et. Rerum voluptates optio eaque vel hic non hic voluptatum. Sit optio ea ullam.',0,1,'2019-02-25 05:12:36','2018-05-15 00:24:58'),(16,70,43,'Ut sunt ad ut dolorum in tempora qui. Placeat distinctio quis delectus a. Laudantium quo autem aliquam cum ipsa velit. Eos ipsum quia nihil quam atque repudiandae sed.',0,0,'2019-02-20 16:37:20','2013-03-29 06:56:11'),(17,96,81,'Recusandae recusandae dolorem ut doloremque voluptas. Ad in illum suscipit id. Laudantium ea repellendus dolores odio.',0,1,'2014-11-19 15:50:02','2018-07-06 15:07:33'),(18,65,96,'Est et dolores quo officia. Omnis dicta quia illum qui aut quidem. Repellat molestiae optio excepturi veritatis dolores quaerat hic. Qui officiis incidunt debitis qui debitis soluta aut.',1,1,'2013-09-10 10:15:58','2018-10-17 03:08:55'),(19,62,20,'Molestias sed fugiat aliquam. Voluptatum sequi voluptas repudiandae quas sunt eum rerum. Error nemo quasi rerum omnis sunt labore.',0,1,'2018-01-02 05:03:09','2010-09-09 08:29:03'),(20,74,13,'Quia hic tempore quas officiis minus vitae magnam. Voluptatem aliquid libero illum fuga distinctio veritatis.',1,0,'2020-04-19 07:00:53','2019-03-04 05:19:31'),(21,49,21,'Voluptates vitae saepe veritatis. Eum quam porro corporis quis omnis qui culpa.',1,0,'2013-07-02 20:34:11','2013-07-28 19:29:52'),(22,64,74,'Fugiat nulla maiores doloremque. Repellendus quae fuga praesentium id quaerat. Velit voluptatem dolorem quaerat voluptate et et incidunt. Similique dolores ut est ratione.',0,1,'2015-11-21 09:28:07','2013-05-24 00:16:46'),(23,73,13,'Voluptatem asperiores cupiditate at ipsum recusandae sint. Tenetur alias provident sint expedita aut. Eligendi atque voluptatem quaerat itaque. Accusantium ut assumenda corrupti ratione ab qui aut.',0,1,'2012-06-28 04:38:51','2019-07-19 10:40:11'),(24,21,100,'Earum iste adipisci ea molestiae dignissimos. Quis aut labore qui dignissimos maxime. Dolor velit vel itaque exercitationem provident tempore molestias. Tempora sed nesciunt temporibus rerum impedit.',1,1,'2017-05-09 22:12:48','2018-09-06 22:58:07'),(25,76,99,'Voluptate iusto sequi nihil et sint quia eos. Explicabo et quis ipsum in aut cupiditate est rem. Commodi aut delectus sapiente.',0,1,'2018-05-29 00:25:52','2018-02-17 07:11:50'),(26,62,68,'Quam praesentium velit nam quo eaque non. Et quaerat quia impedit repudiandae id ex. Eos et eos saepe minima sed distinctio qui.',0,1,'2012-07-30 13:55:13','2020-06-05 22:15:47'),(27,55,71,'Quas placeat quis voluptas assumenda vel est corporis quisquam. Nisi porro est voluptas ut et perferendis corporis.',0,1,'2016-12-25 08:34:05','2014-02-17 13:27:40'),(28,17,84,'Asperiores sint inventore esse hic vero aut. Qui reiciendis quod vitae animi. Impedit enim reprehenderit est itaque adipisci autem.',0,1,'2016-06-10 06:50:20','2016-07-08 16:31:22'),(29,32,68,'Velit excepturi quia incidunt assumenda nemo rerum tenetur dolore. Et nemo ad qui expedita. Temporibus soluta et quaerat et culpa. Occaecati modi deleniti molestias est similique eum.',0,1,'2018-10-29 17:41:57','2014-04-14 20:11:06'),(30,45,58,'Earum debitis doloribus ad dolor. Ipsam eos porro odit et sint. Voluptate qui iusto molestiae vero fugiat eos repellat. Asperiores et aut libero eveniet eligendi.',1,1,'2010-09-10 08:47:50','2019-02-02 10:37:39'),(31,23,15,'Accusantium omnis ad neque placeat. Nostrum maiores ut alias atque labore. Asperiores dolorum repellat fugit et molestias aut ut. Dolorem et quis quod id alias aut libero iusto.',1,1,'2016-09-01 05:37:33','2013-08-10 23:32:26'),(32,1,19,'Culpa voluptatibus autem in sit accusamus rerum deserunt dolor. Itaque expedita voluptatem ut totam. Mollitia maiores quis ipsam eum molestiae sunt.',0,1,'2019-01-04 06:03:10','2015-03-07 20:20:01'),(33,96,65,'Iusto laudantium fugit sequi. Aut eius sunt illo laudantium quibusdam perspiciatis.',0,1,'2016-02-07 22:04:01','2017-05-17 09:03:09'),(34,14,57,'Et illum itaque minus eum. Recusandae perspiciatis qui ut ullam consequuntur dignissimos sint. Maiores praesentium deserunt sapiente qui qui sint.',1,1,'2018-07-14 06:03:20','2020-06-28 11:17:33'),(35,85,88,'Ullam nulla occaecati et quas tempora necessitatibus. Quo aliquid molestiae sed sint optio. Et in amet rerum est molestiae.',1,1,'2019-11-25 03:29:53','2011-09-26 01:13:09'),(36,70,33,'Vel atque et quo commodi architecto. Nulla ratione quasi et dignissimos veniam qui nobis. Consequatur illo eveniet nesciunt suscipit quis voluptatem tempore. Rerum inventore tempora culpa ut.',0,1,'2010-10-30 04:23:00','2016-08-12 12:14:05'),(37,9,34,'Debitis doloribus iste assumenda ad modi suscipit. Vel hic natus dolorum expedita et. Numquam suscipit nam enim sed voluptatem ea aperiam.',1,1,'2015-05-29 07:40:09','2011-11-12 09:48:54'),(38,7,81,'Quasi corporis consequatur aut maiores placeat quibusdam. Harum in amet consectetur. Modi voluptatem ut amet enim dolorem facilis architecto. Sed impedit dolores ipsa atque.',0,1,'2019-12-24 04:40:49','2013-01-02 04:10:58'),(39,46,28,'Nemo dolorem eum natus in et voluptatem. Aut ea optio sed amet distinctio optio. Autem explicabo nobis architecto corrupti sit nulla sint. Molestiae et quis et accusamus culpa.',0,0,'2019-08-05 20:08:04','2015-02-02 20:03:54'),(40,81,22,'Explicabo voluptates sed omnis minus aliquam. Temporibus adipisci iusto qui qui. Rerum recusandae repellendus dolorem est delectus accusamus et.',1,1,'2013-06-11 05:26:14','2016-08-24 22:10:06'),(41,26,43,'Fugit dolorem exercitationem ut consequuntur tempora. Reprehenderit itaque perspiciatis quisquam consequatur pariatur est natus. Odio aliquam exercitationem et voluptas facilis.',0,0,'2019-12-27 11:26:05','2011-03-20 00:49:37'),(42,89,81,'Nostrum quia nemo eaque nesciunt consequuntur. Rem ut odio cupiditate et. Possimus consequatur neque omnis a et.',0,1,'2015-02-22 00:29:40','2012-07-10 22:12:20'),(43,13,6,'Nisi animi maiores id optio. Consequatur corporis aut inventore qui sequi quo ut. Error aperiam maxime blanditiis similique. Libero eaque id eum et dolorum quos voluptatibus voluptas.',0,0,'2011-10-23 18:31:43','2014-05-03 08:10:28'),(44,64,44,'Odio eum libero sapiente corrupti. Qui officiis quis et corporis excepturi quas. Voluptates amet delectus vel non labore.',0,1,'2011-10-31 23:39:39','2016-06-21 16:40:19'),(45,73,9,'Distinctio culpa nihil eum dolorem culpa. Sed ipsum aut quisquam velit magnam. Cumque sunt id at voluptas consequatur eius. Est itaque autem ea numquam eos rerum.',1,0,'2015-06-04 09:45:07','2020-05-29 01:57:30'),(46,2,96,'Quo fugit molestias hic nostrum. In suscipit fugiat rerum ut alias. Nesciunt quidem et aut qui deleniti expedita.',1,1,'2015-04-27 19:30:44','2013-12-15 09:23:26'),(47,23,2,'Itaque aut et alias officiis cupiditate repellendus. Alias ipsam nobis ut aliquid quis quo. Distinctio quam recusandae sed voluptatem ad non veritatis. Aut qui atque hic distinctio consequatur.',0,1,'2011-07-04 01:04:43','2013-06-06 05:00:05'),(48,14,18,'Minima et atque rerum voluptas. Labore ut et minus inventore earum sint vel aut. Aperiam culpa assumenda a est aliquid perferendis.',0,1,'2014-04-23 10:04:20','2016-05-29 19:00:04'),(49,67,28,'Eum voluptatem corporis quia voluptate. Est aut illum aspernatur nihil praesentium quis odio. Quo iste molestias eius odio quis.',0,1,'2013-12-04 08:47:12','2019-06-14 04:57:13'),(50,74,51,'Delectus aut consequatur natus deserunt aut. Est ut nostrum nemo excepturi excepturi nihil. Tenetur quisquam natus explicabo quo vel deleniti necessitatibus asperiores.',0,0,'2019-09-18 19:16:12','2012-01-25 10:05:43'),(51,15,44,'Sint non quia sunt dicta et. Ut dicta aut dolor omnis est dolorum sed aut. Rerum sapiente ex dolor delectus ullam quis officiis.',1,1,'2013-03-26 15:03:33','2015-08-30 12:13:06'),(52,84,23,'Soluta doloremque sit reprehenderit consectetur inventore itaque vitae. Aut enim officiis quia officiis ut. Excepturi dolor ipsum dolor voluptatum cupiditate fuga dolorem. Nihil omnis ipsam ab ut ut.',1,0,'2018-11-13 14:49:13','2019-03-31 04:19:55'),(53,77,91,'Sit sunt quo velit ipsam sed. Beatae reprehenderit dolorem ut cupiditate enim. Qui accusamus harum et qui porro delectus illum.',0,0,'2016-09-12 12:43:37','2016-01-03 09:25:37'),(54,4,23,'Qui eaque quia dolorum adipisci at eos id ut. Sint facilis doloremque voluptatem quia quaerat unde aut eos. Praesentium similique quod aliquam et.',1,1,'2011-06-24 11:16:50','2013-04-21 05:59:19'),(55,18,84,'Et aut voluptatem quae laboriosam. Consequuntur sint beatae quia rerum.\nQuae possimus architecto animi odio aut consequuntur enim. Et et sed aperiam et.',0,0,'2015-06-19 08:54:33','2017-06-24 21:06:53'),(56,45,43,'Minus pariatur iusto porro corrupti et ab tempora a. Odio tenetur quia nostrum iure et eos rerum. Qui aliquid ratione omnis qui quia odit aut est. Maxime consequatur numquam est impedit rerum nam.',1,1,'2016-12-12 15:04:16','2019-04-25 06:35:36'),(57,26,34,'Aut voluptatibus est est molestiae pariatur sunt officiis. Iusto error facere nulla a ratione nostrum. Voluptas sunt dignissimos et omnis et temporibus quasi.',1,0,'2018-10-10 16:22:15','2014-05-18 03:15:43'),(58,23,38,'Ut ut et laboriosam deleniti ipsam. Et neque incidunt tempore porro voluptas. Sed saepe aut aut ut deleniti sequi iusto recusandae.',1,0,'2018-10-18 23:38:59','2010-09-20 18:01:24'),(59,39,87,'Est debitis deleniti modi dolor voluptatem eum. Dicta aut deserunt libero.',0,0,'2012-06-15 01:15:35','2015-09-12 14:42:03'),(60,82,12,'Quisquam quae repellendus nisi veritatis delectus nihil. Eaque doloremque id soluta earum illo. Est quae deserunt adipisci ut. Iusto officia optio ex sit ex laborum.',1,0,'2017-05-31 13:01:08','2012-04-18 16:45:39'),(61,95,83,'Ratione unde tempore numquam mollitia. Repudiandae vero nemo sed ullam. Veniam animi fugiat laboriosam consequuntur quasi corporis adipisci.',1,0,'2019-06-25 01:25:36','2016-03-18 07:03:08'),(62,7,17,'Id dolorem optio quod aut ea quaerat ut quia. Qui quod quia dolorem atque. Molestiae iusto qui quos quisquam non.',0,0,'2011-07-09 18:31:59','2017-01-27 15:55:40'),(63,84,21,'Quia repellat optio a. Aut qui voluptatem similique. Recusandae amet quis quis quae hic veritatis voluptatem.',1,1,'2014-02-16 21:06:19','2020-01-01 02:38:24'),(64,34,50,'Fuga voluptas aut iure ut quidem suscipit assumenda. Atque labore asperiores delectus. Officiis sunt distinctio modi iure praesentium ut at. Quos natus atque laudantium ut cum soluta.',0,0,'2018-03-08 16:06:09','2017-08-11 14:15:26'),(65,48,8,'Perferendis asperiores asperiores quaerat blanditiis sint. Qui eius optio eum et blanditiis. Deserunt minus rerum ut. Sapiente molestias dicta laudantium rerum.',1,0,'2014-06-27 19:17:25','2013-07-07 23:31:56'),(66,1,63,'Culpa in nostrum in nobis. Enim ut consequatur amet. Quia voluptate nisi illum alias.',0,0,'2019-05-10 06:49:44','2019-04-08 15:05:41'),(67,52,84,'Voluptate est consequatur numquam similique et nobis itaque. Laboriosam dolorum voluptas quaerat quia et non consectetur sed.',0,0,'2017-03-21 16:55:27','2016-07-31 19:14:02'),(68,85,28,'Incidunt expedita et debitis officiis corporis. Repellendus aut sed et assumenda.',1,1,'2020-03-04 18:10:41','2012-04-06 17:09:05'),(69,75,89,'Tempora est et dolorum officiis eveniet. Iure exercitationem voluptatem accusamus autem. Non praesentium nesciunt laboriosam quia possimus alias repellat. Itaque alias ut cum quisquam.',1,0,'2013-04-11 14:27:58','2014-04-08 07:46:58'),(70,51,92,'Laborum in qui et omnis eveniet eligendi quis. Delectus praesentium aut molestiae explicabo qui. Nulla et officia fugiat eum dolor error. Inventore commodi quae facere et autem recusandae error.',0,0,'2010-12-19 05:54:54','2011-01-13 00:55:11'),(71,72,95,'Eius possimus quo magni explicabo voluptatibus eos dicta. Sed nemo qui autem ab omnis iure dicta. Dicta eos harum perspiciatis.',1,1,'2020-07-07 23:13:20','2016-10-13 18:11:36'),(72,35,97,'Est et ut corporis et sed accusamus. Porro placeat quam atque incidunt quisquam velit. Ex porro nihil assumenda unde ut. Aliquam dicta minus esse totam.',1,0,'2012-12-31 02:51:31','2016-02-18 11:19:57'),(73,28,58,'Nobis est itaque et et quae. Repudiandae aut alias velit eum at quis. Possimus ex ea alias perferendis.',1,0,'2018-06-15 12:12:38','2019-01-20 13:56:36'),(74,35,67,'Deserunt ad mollitia sint et debitis nisi qui. Nesciunt magnam dolor et voluptatem eos. Et reiciendis mollitia reiciendis. Facilis nemo natus inventore sit officiis in.',0,1,'2018-07-26 15:50:05','2015-01-02 23:12:01'),(75,44,16,'Consequatur ad iusto sit et. Ab at velit est deserunt. Voluptatem in voluptas distinctio.',1,0,'2012-03-13 09:33:13','2016-01-05 09:53:00'),(76,78,38,'Voluptatibus maxime rerum dignissimos quidem. Voluptatem voluptatum quas debitis. Enim sed autem odit quisquam asperiores vitae voluptatem itaque.',0,0,'2011-09-11 23:25:58','2013-08-09 02:36:13'),(77,98,84,'Quis perspiciatis quisquam molestias numquam enim et. Aut porro aut quae. Facilis ducimus dicta doloribus iure voluptates est aut. Sapiente aut non voluptatem.',0,0,'2013-06-12 04:14:27','2011-09-24 02:22:27'),(78,55,81,'Ipsam nobis iure est minus. Incidunt quia quia est beatae nihil facilis. Voluptatum et ea non amet sunt. Non id error aut non. Veritatis est molestiae aut explicabo animi consequatur.',1,0,'2019-08-21 14:07:22','2011-01-08 05:37:27'),(79,5,89,'Rerum exercitationem natus ea ut ex. Tempore quo enim recusandae harum sequi veniam cumque. Quam corrupti delectus impedit. Dolore molestiae aliquam quaerat.',0,0,'2011-11-06 21:26:28','2019-10-12 02:40:11'),(80,31,52,'Est magnam quod nisi ea. Tempora fugit optio qui blanditiis tenetur dolorem quibusdam alias. Dignissimos est iusto enim corporis eaque dolor.',1,0,'2013-08-20 04:08:38','2015-10-13 13:45:55'),(81,96,32,'Corrupti fugiat aut vel velit vero vel ratione. Dolore sunt iusto laboriosam autem blanditiis nam vitae. Veniam corrupti rerum ut sed.',1,0,'2019-06-29 01:12:00','2014-02-21 03:59:21'),(82,14,48,'Dolorem quasi unde perspiciatis qui. Blanditiis aut consequatur voluptatibus illum consequatur hic assumenda.',0,1,'2010-10-26 14:34:25','2017-03-22 23:32:11'),(83,16,99,'Qui id saepe blanditiis pariatur sed esse. Qui assumenda praesentium recusandae facere natus aliquam. Voluptatem vel sit quos minima placeat dignissimos sit.',1,1,'2019-08-28 07:26:23','2018-09-04 07:46:35'),(84,75,90,'Et dolorem debitis quis repellat debitis. Et tempore laudantium quo non id ad reprehenderit.',0,0,'2015-09-14 23:26:46','2016-02-26 20:14:27'),(85,87,26,'Qui ut aut praesentium dolor. Et voluptatum fugiat quaerat reiciendis. Ut quia sequi commodi alias itaque quo.',1,0,'2011-08-16 01:48:42','2012-03-16 12:43:30'),(86,81,59,'Omnis ullam expedita voluptatem eum et odit voluptas. Molestiae inventore voluptatum animi est repellendus numquam. Aut molestiae ab voluptatibus aut. Vero sed velit explicabo et molestias ex.',0,1,'2017-09-25 07:46:14','2018-03-31 02:55:16'),(87,20,16,'Soluta et id dolor aspernatur repellendus eligendi. Explicabo ut blanditiis est ipsam sit.\nAtque quo ut vitae ratione. Autem dolorem ab molestias neque error. Illo voluptates in deserunt consequatur.',0,1,'2013-12-27 20:34:29','2015-05-23 11:25:40'),(88,55,48,'Nemo sunt repellendus quidem hic. Totam cum cupiditate et ut illo velit. Temporibus culpa vel dolores sed atque. Odit atque est placeat voluptas recusandae deserunt quasi.',1,1,'2014-12-14 16:33:39','2015-11-27 05:23:20'),(89,73,90,'Omnis exercitationem hic fugit esse corrupti corporis non ab. Repellendus et debitis iure sed et labore aut. Et vero ducimus expedita voluptas. Autem itaque non dolore dolor praesentium.',1,0,'2016-04-01 23:25:20','2013-10-31 07:26:37'),(90,14,16,'Soluta eaque voluptate qui id necessitatibus ex. Et incidunt quam et nemo nam. Accusamus optio consequatur est et sit.',0,0,'2013-05-29 23:44:57','2014-06-09 13:09:55'),(91,5,91,'Quasi quia et aut esse. Praesentium nisi et libero rerum eum maiores molestias. Eos error eum eum non.',0,1,'2011-06-15 18:06:15','2014-06-14 13:00:47'),(92,54,2,'Repellendus quia accusamus deserunt laboriosam. Nulla aut eum quo rerum et. Ut libero autem voluptatem ut.',0,1,'2018-02-05 04:49:49','2017-04-07 14:48:33'),(93,75,9,'Nostrum voluptatibus ipsum repellat velit labore. Minus illo itaque atque quasi. Recusandae dolore necessitatibus facere laborum error odio.',1,1,'2015-01-24 13:01:22','2017-10-09 18:59:41'),(94,83,79,'Et commodi ducimus eligendi dolorem veniam et consequuntur. Officiis est eaque nobis minima tempore vel. Labore veniam eveniet eum sit rem dolorum. Unde fugiat rerum dolor voluptatem eveniet.',1,1,'2012-11-04 06:22:39','2014-10-07 05:20:13'),(95,97,14,'Aut debitis debitis ut dolor. Soluta eos et necessitatibus delectus. Quia hic placeat blanditiis nostrum. Reiciendis ea nam recusandae.',1,0,'2020-07-12 01:00:45','2019-03-10 20:46:15'),(96,31,93,'Ipsam exercitationem porro dolorem. A quod excepturi et quaerat eos quo placeat perspiciatis. Veniam facere a omnis unde beatae.',1,1,'2016-08-10 18:46:03','2012-03-17 06:45:17'),(97,45,45,'Exercitationem debitis sunt eum eius. Laboriosam est sed nihil. Qui ut eius eum qui incidunt qui. Nobis eum fugiat quidem sed cupiditate.',1,0,'2019-10-10 12:35:28','2012-10-09 03:25:45'),(98,40,60,'Optio excepturi at repellat nemo. Officiis qui error sit aut excepturi nostrum ducimus. Expedita iusto laborum et rerum. Enim placeat in ea tenetur animi ab omnis.',1,1,'2012-09-24 07:54:24','2015-12-31 06:01:20'),(99,44,15,'Qui velit aliquid beatae nihil. Sint cumque sed suscipit. Quia a est quo rerum occaecati quisquam. Nam velit ut dolor minus quasi incidunt.',1,0,'2010-11-14 04:08:56','2016-12-29 01:17:36'),(100,50,30,'Ut aut beatae veniam a blanditiis. Perferendis necessitatibus quia nam velit et et ut. Quia eos illo dicta quaerat officia aut. Dolorem animi incidunt harum.',0,0,'2013-08-15 17:14:27','2018-08-15 15:48:15');
/*!40000 ALTER TABLE `messages` ENABLE KEYS */;
UNLOCK TABLES;

--
-- Table structure for table `profiles`
--

DROP TABLE IF EXISTS `profiles`;
/*!40101 SET @saved_cs_client     = @@character_set_client */;
/*!50503 SET character_set_client = utf8mb4 */;
CREATE TABLE `profiles` (
  `user_id` int unsigned NOT NULL COMMENT 'Ссылка на пользователя',
  `gender` char(1) CHARACTER SET utf8 COLLATE utf8_unicode_ci NOT NULL COMMENT 'Пол',
  `birthday` date DEFAULT NULL COMMENT 'Дата рождения',
  `photo_id` int unsigned DEFAULT NULL COMMENT 'Ссылка на основную фотографию пользователя',
  `city` varchar(130) CHARACTER SET utf8 COLLATE utf8_unicode_ci DEFAULT NULL COMMENT 'Город проживания',
  `country` varchar(130) CHARACTER SET utf8 COLLATE utf8_unicode_ci DEFAULT NULL COMMENT 'Страна проживания',
  `created_at` datetime DEFAULT CURRENT_TIMESTAMP COMMENT 'Время создания строки',
  `updated_at` datetime DEFAULT CURRENT_TIMESTAMP ON UPDATE CURRENT_TIMESTAMP COMMENT 'Время обновления строки',
  PRIMARY KEY (`user_id`)
) ENGINE=InnoDB DEFAULT CHARSET=utf8 COLLATE=utf8_unicode_ci COMMENT='Профили';
/*!40101 SET character_set_client = @saved_cs_client */;

--
-- Dumping data for table `profiles`
--

LOCK TABLES `profiles` WRITE;
/*!40000 ALTER TABLE `profiles` DISABLE KEYS */;
INSERT INTO `profiles` VALUES (1,'F','1973-06-04',56,'East Bentonmouth','Saint Pierre and Miquelon','2014-01-26 13:02:52','2017-09-16 12:29:59'),(2,'M','2016-09-02',89,'Leliaberg','Saint Barthelemy','2017-04-23 07:44:34','2020-07-17 09:20:44'),(3,'F','1997-02-02',56,'Finnborough','United States of America','2018-03-10 22:29:42','2016-09-16 16:29:25'),(4,'F','2009-02-20',53,'Lake Reubenmouth','Pakistan','2016-12-24 23:16:00','2019-06-16 06:41:53'),(5,'M','1989-05-16',96,'Kennymouth','Zimbabwe','2019-03-02 07:41:27','2016-06-13 10:26:07'),(6,'M','2017-07-24',58,'North Kaleburgh','Myanmar','2011-11-20 03:39:15','2014-06-29 08:29:57'),(7,'F','2000-08-29',21,'South Jose','Slovenia','2019-12-15 19:38:58','2016-09-26 16:01:50'),(8,'F','1986-07-22',76,'Makenziemouth','Mozambique','2012-10-25 23:18:13','2016-06-24 10:18:14'),(9,'M','1979-09-22',11,'New Valentinaview','Sao Tome and Principe','2020-02-14 08:13:58','2019-10-27 18:10:07'),(10,'M','2004-05-20',82,'Kesslerborough','Mayotte','2011-05-30 05:54:24','2015-05-03 12:29:44'),(11,'M','2020-05-22',44,'Stevieton','Turks and Caicos Islands','2011-11-26 05:35:56','2016-11-12 11:50:31'),(12,'M','2002-03-01',62,'West Paytonside','Lao People\'s Democratic Republic','2012-04-13 18:36:01','2011-05-01 14:32:22'),(13,'F','2016-12-04',18,'Madelineburgh','Gabon','2018-03-20 02:02:47','2013-06-01 11:53:55'),(14,'F','1974-11-21',79,'Adalbertofort','Suriname','2018-06-02 21:51:36','2018-04-30 11:25:06'),(15,'F','2003-10-29',27,'Swiftville','Comoros','2011-01-09 17:50:12','2020-06-07 02:06:54'),(16,'M','1993-12-17',22,'New Bonnie','Guadeloupe','2012-02-25 22:24:37','2012-02-15 18:49:01'),(17,'M','1985-09-14',41,'Port Millieport','Wallis and Futuna','2013-12-26 17:41:25','2017-09-25 11:33:44'),(18,'M','1985-08-03',48,'South Lyric','Angola','2019-05-03 18:31:12','2016-09-05 01:13:18'),(19,'M','2011-05-29',49,'Kaceyville','Guadeloupe','2020-02-03 07:22:55','2011-10-15 13:42:10'),(20,'F','2003-07-07',48,'North Juniusbury','Montenegro','2018-05-19 11:40:32','2017-02-18 01:12:52'),(21,'M','1979-06-12',9,'Kovacekbury','Suriname','2015-04-06 23:43:13','2016-10-31 17:28:01'),(22,'M','2004-07-21',64,'Boganside','China','2011-08-06 03:15:57','2012-10-10 06:34:30'),(23,'F','2000-09-19',10,'Ryanport','Palestinian Territory','2015-09-01 19:45:30','2014-04-02 21:44:53'),(24,'M','2012-12-29',41,'Harveyland','Austria','2012-05-02 09:05:19','2013-09-23 08:24:44'),(25,'M','1976-01-13',12,'South Brionna','Mauritius','2018-09-01 15:53:34','2014-05-25 15:08:58'),(26,'M','1977-06-08',3,'Darrenport','Kuwait','2019-06-28 06:47:13','2011-01-05 06:50:15'),(27,'M','1977-08-10',57,'Blakeborough','Monaco','2014-01-07 01:16:16','2019-11-12 16:41:48'),(28,'F','1973-08-14',23,'New Aniyaborough','Gibraltar','2014-07-13 17:59:35','2018-12-12 12:46:30'),(29,'F','1998-03-05',35,'New Drewmouth','Saint Kitts and Nevis','2011-12-11 04:12:34','2016-05-23 08:55:58'),(30,'F','2005-09-18',77,'North Roxannefort','Czech Republic','2013-04-02 00:54:53','2018-03-05 01:39:59'),(31,'M','1978-01-24',55,'New Marley','Guinea','2014-06-07 12:32:42','2013-04-27 04:24:02'),(32,'M','2017-03-17',91,'Krisbury','Guernsey','2018-03-23 15:51:27','2019-05-09 21:06:33'),(33,'F','2011-09-18',66,'Eldafort','Cote d\'Ivoire','2011-05-12 19:49:17','2015-09-11 18:15:40'),(34,'F','1995-09-15',11,'Swiftshire','Saint Kitts and Nevis','2011-08-21 02:37:13','2014-09-15 04:35:33'),(35,'F','2000-06-18',43,'Stiedemannberg','South Georgia and the South Sandwich Islands','2019-01-10 10:18:13','2016-03-07 08:03:42'),(36,'F','1992-10-17',62,'New Jody','Trinidad and Tobago','2016-12-31 10:57:17','2019-10-16 11:22:09'),(37,'F','2020-05-19',68,'Gabriellechester','Cote d\'Ivoire','2014-11-18 15:17:06','2016-01-15 01:53:05'),(38,'F','1989-11-05',63,'Lucileville','Norfolk Island','2015-11-15 22:49:27','2017-09-21 02:14:20'),(39,'M','1998-07-26',37,'Port Arden','Lao People\'s Democratic Republic','2015-12-25 19:54:53','2017-04-06 18:15:20'),(40,'F','1990-11-14',78,'Anyaborough','Svalbard & Jan Mayen Islands','2012-05-24 11:30:33','2020-03-18 21:40:53'),(41,'F','1986-09-22',44,'Satterfieldshire','Saint Lucia','2018-04-15 16:57:27','2019-03-29 17:40:06'),(42,'M','1999-09-14',81,'North Alene','Romania','2019-04-02 17:49:18','2012-03-27 10:39:33'),(43,'M','2013-06-21',40,'Port Viviennetown','Greenland','2019-04-18 01:36:32','2013-03-07 17:59:00'),(44,'M','1989-04-22',62,'South Theresiahaven','Kenya','2019-02-08 14:33:58','2012-05-21 08:25:36'),(45,'M','1987-08-14',59,'East Santiagobury','Moldova','2016-03-20 05:16:00','2011-05-19 17:44:01'),(46,'M','1993-11-25',66,'Port Skylar','Saint Barthelemy','2018-11-16 16:01:17','2015-01-16 10:19:40'),(47,'F','1977-01-22',83,'New Alicia','American Samoa','2012-05-17 23:27:23','2015-08-26 20:27:05'),(48,'F','1987-11-19',100,'West Isaacbury','United States Minor Outlying Islands','2017-10-29 09:20:44','2018-12-18 23:51:14'),(49,'M','1984-10-30',13,'Lake Delaney','Albania','2014-05-06 04:29:13','2011-10-18 08:27:00'),(50,'F','1990-12-20',31,'Blandaburgh','Bulgaria','2016-05-03 21:02:28','2011-09-03 01:52:29'),(51,'F','1975-07-18',48,'Boehmstad','Poland','2020-01-06 21:33:27','2016-01-25 07:50:14'),(52,'F','1996-12-19',22,'Tayachester','Spain','2015-11-14 04:31:10','2017-01-15 05:46:03'),(53,'M','1983-03-25',95,'East Brandonberg','Guernsey','2013-02-10 08:23:46','2013-02-01 09:56:21'),(54,'M','2000-05-31',57,'New Keshaunshire','Equatorial Guinea','2015-08-28 18:50:04','2015-03-24 03:35:18'),(55,'F','1988-11-19',63,'East Dixie','Portugal','2017-10-08 20:01:19','2016-01-16 07:40:44'),(56,'M','1979-01-10',6,'Kuvalismouth','Paraguay','2011-03-02 14:56:43','2014-03-04 16:56:45'),(57,'M','1986-01-14',59,'Kunzefurt','Nigeria','2015-12-30 01:03:12','2016-01-24 06:12:22'),(58,'M','2019-05-20',19,'Greenfelderport','Georgia','2011-06-20 17:49:45','2015-03-30 14:43:06'),(59,'F','2002-12-05',29,'New Ernestine','United States Minor Outlying Islands','2020-08-04 11:45:31','2013-10-02 05:24:45'),(60,'F','1985-02-27',94,'Anastasiaville','Bahrain','2017-07-05 12:05:08','2011-05-24 07:13:50'),(61,'F','1979-01-12',96,'Maiaburgh','Bermuda','2011-05-02 00:44:40','2017-03-26 06:48:42'),(62,'M','1986-12-16',83,'West Sofiaport','South Africa','2013-03-16 04:06:26','2019-07-24 14:42:18'),(63,'M','1972-01-07',84,'Isaiasborough','Korea','2016-06-20 07:39:36','2017-02-27 03:21:59'),(64,'F','2006-05-15',62,'West Keithmouth','Austria','2017-03-03 00:21:37','2011-06-08 00:59:39'),(65,'M','1984-09-08',93,'New Keaganport','Vietnam','2018-11-01 11:41:08','2017-09-14 20:25:09'),(66,'F','1994-10-23',26,'New Monserrat','Guadeloupe','2013-02-01 10:02:49','2012-12-11 17:31:10'),(67,'F','2019-06-02',23,'Isachaven','Mozambique','2020-06-28 15:36:02','2011-06-30 14:40:32'),(68,'F','1975-09-12',61,'Gusikowskiville','Argentina','2014-04-10 16:43:21','2015-05-15 04:59:53'),(69,'M','1974-08-30',88,'South Gregorioberg','Saint Vincent and the Grenadines','2016-09-20 13:57:59','2012-04-21 16:44:19'),(70,'F','2016-07-27',60,'South Wilhelmshire','Guyana','2010-10-15 02:21:11','2020-06-21 17:37:39'),(71,'F','1994-04-07',39,'West Darenmouth','Georgia','2018-01-28 01:25:10','2014-11-20 04:58:25'),(72,'F','1985-07-28',31,'Brookefurt','Croatia','2014-11-02 20:27:30','2014-04-15 21:26:36'),(73,'F','1983-05-23',40,'Jeremyborough','Argentina','2019-03-11 10:09:23','2017-03-14 20:27:43'),(74,'F','1995-01-07',78,'Lake Dameonchester','Antarctica (the territory South of 60 deg S)','2017-06-05 05:15:22','2017-01-01 10:26:32'),(75,'M','2020-06-22',92,'Dudleyfort','Iraq','2012-05-27 03:23:52','2011-04-02 11:06:20'),(76,'M','1991-07-25',98,'Norvalburgh','Lithuania','2015-09-24 13:26:30','2016-12-17 16:03:10'),(77,'F','2007-07-02',44,'East Curtland','Australia','2018-04-24 08:48:35','2013-11-26 09:40:45'),(78,'M','1976-12-10',74,'West Malcolm','Anguilla','2010-11-18 08:50:15','2011-05-13 20:34:16'),(79,'M','2008-06-13',98,'Alysamouth','Tunisia','2014-11-25 04:04:07','2011-01-28 09:35:32'),(80,'F','2006-05-23',56,'Ryanfurt','Suriname','2018-12-29 07:48:42','2011-11-22 13:45:59'),(81,'F','1972-10-17',5,'Chayamouth','Zimbabwe','2018-05-25 06:30:15','2011-02-24 19:24:08'),(82,'M','2018-12-25',45,'Beattyburgh','Maldives','2012-03-08 13:33:31','2019-07-31 08:57:18'),(83,'M','1997-08-07',78,'Fadelland','Saudi Arabia','2015-08-03 19:53:31','2019-05-14 01:07:29'),(84,'F','2012-10-17',99,'North Susanashire','Namibia','2019-09-17 15:35:05','2012-09-02 11:07:26'),(85,'F','1982-04-26',2,'West Edythe','Mayotte','2019-03-13 13:31:55','2018-11-15 18:47:46'),(86,'M','2003-07-24',41,'New Blancaberg','Saint Helena','2015-12-18 02:52:31','2013-03-26 06:45:20'),(87,'M','2001-08-05',5,'Nonaview','Mexico','2018-10-04 07:38:48','2013-01-12 16:36:23'),(88,'M','1975-09-17',61,'Lynchside','Azerbaijan','2016-03-05 05:43:10','2013-03-30 00:02:18'),(89,'M','2001-06-12',59,'Bergstromstad','Moldova','2018-01-06 10:18:22','2019-12-22 15:10:26'),(90,'M','2019-07-10',33,'Krajcikmouth','Pakistan','2017-04-22 01:40:39','2015-02-23 09:26:24'),(91,'F','2002-12-03',54,'Hamillland','Grenada','2012-07-25 14:03:17','2012-04-08 09:26:35'),(92,'F','2001-07-09',55,'Port Karen','Saint Helena','2018-08-01 15:37:22','2020-08-03 02:46:10'),(93,'M','2010-03-25',16,'Jettieville','Jamaica','2013-09-27 04:22:36','2013-04-24 20:37:01'),(94,'M','2001-11-04',37,'North Paige','Uzbekistan','2020-05-29 19:13:48','2015-02-03 22:27:45'),(95,'M','1977-10-13',16,'Metzmouth','Guadeloupe','2019-03-05 21:23:05','2012-02-20 11:32:54'),(96,'F','1998-02-19',9,'Port Kennedishire','Chad','2013-04-15 07:00:34','2011-05-25 23:52:20'),(97,'F','2009-10-03',62,'Valentinabury','Panama','2017-09-21 12:09:24','2017-12-17 11:50:26'),(98,'F','1984-02-16',39,'Kurtstad','Monaco','2019-11-10 17:06:03','2015-08-01 22:02:16'),(99,'F','2017-12-26',70,'Lake Wilfredo','Angola','2017-11-16 01:39:13','2015-05-09 13:01:23'),(100,'M','1989-02-04',50,'West Matt','South Africa','2017-09-14 14:42:29','2015-10-30 13:24:05');
/*!40000 ALTER TABLE `profiles` ENABLE KEYS */;
UNLOCK TABLES;

--
-- Table structure for table `users`
--

DROP TABLE IF EXISTS `users`;
/*!40101 SET @saved_cs_client     = @@character_set_client */;
/*!50503 SET character_set_client = utf8mb4 */;
CREATE TABLE `users` (
  `id` int unsigned NOT NULL AUTO_INCREMENT COMMENT 'Идентификатор строки',
  `first_name` varchar(100) CHARACTER SET utf8 COLLATE utf8_unicode_ci NOT NULL COMMENT 'Имя пользователя',
  `last_name` varchar(100) CHARACTER SET utf8 COLLATE utf8_unicode_ci NOT NULL COMMENT 'Фамилия пользователя',
  `email` varchar(100) CHARACTER SET utf8 COLLATE utf8_unicode_ci NOT NULL COMMENT 'Почта',
  `phone` varchar(100) CHARACTER SET utf8 COLLATE utf8_unicode_ci NOT NULL COMMENT 'Телефон',
  `created_at` datetime DEFAULT CURRENT_TIMESTAMP COMMENT 'Время создания строки',
  `updated_at` datetime DEFAULT CURRENT_TIMESTAMP ON UPDATE CURRENT_TIMESTAMP COMMENT 'Время обновления строки',
  PRIMARY KEY (`id`),
  UNIQUE KEY `email` (`email`),
  UNIQUE KEY `phone` (`phone`)
) ENGINE=InnoDB AUTO_INCREMENT=101 DEFAULT CHARSET=utf8 COLLATE=utf8_unicode_ci COMMENT='Пользователи';
/*!40101 SET character_set_client = @saved_cs_client */;

--
-- Dumping data for table `users`
--

LOCK TABLES `users` WRITE;
/*!40000 ALTER TABLE `users` DISABLE KEYS */;
INSERT INTO `users` VALUES (1,'Margarete','Kling','kerluke.chesley@example.net','(564)277-5112','2017-05-12 22:42:58','2019-10-07 23:01:25'),(2,'Cruz','Braun','bell46@example.com','804-808-6266','2019-03-23 16:08:41','2016-12-14 05:53:20'),(3,'Madyson','Feeney','marion.gutmann@example.org','970-537-6336','2017-03-22 03:37:55','2014-12-16 16:25:27'),(4,'Bonita','Crona','rebeca.lubowitz@example.org','1-804-299-5380x67788','2016-08-31 11:57:13','2013-09-28 09:05:59'),(5,'Lizzie','Wilkinson','collin.ullrich@example.com','1-290-036-1037','2018-11-28 08:10:23','2013-04-05 10:51:09'),(6,'Dedric','Franecki','kareem.schaden@example.net','406.975.6799','2015-03-05 17:36:09','2014-11-07 13:18:40'),(7,'Otis','Schmitt','janie54@example.net','(322)363-4889','2017-10-16 11:17:30','2018-02-22 12:13:19'),(8,'Darrick','O\'Conner','viviane.gutmann@example.net','146-422-3018x02791','2012-12-23 19:28:52','2012-05-12 12:08:42'),(9,'Brittany','Beier','marisol56@example.org','05168942950','2017-08-16 23:25:37','2019-05-14 18:01:35'),(10,'Elissa','Becker','dschulist@example.org','958.295.8502x0588','2016-03-31 23:37:45','2011-08-21 07:12:19'),(11,'Maddison','Herman','akilback@example.com','1-778-102-3240','2017-08-02 05:08:56','2011-06-10 08:12:38'),(12,'Janessa','Hahn','damaris.johnson@example.net','(357)319-9314','2013-09-26 13:05:50','2016-03-14 22:28:22'),(13,'Reese','Stokes','langosh.america@example.org','869-664-8740x81339','2019-05-04 20:43:50','2018-05-17 18:25:23'),(14,'Tyrese','Ratke','zreilly@example.org','352-719-0349x8161','2019-10-19 15:56:31','2018-04-12 11:22:14'),(15,'Zack','Sauer','powlowski.frederik@example.org','939.081.0345','2017-06-16 17:07:59','2012-08-04 08:49:11'),(16,'Cristina','Huel','runolfsson.casimer@example.com','09516766069','2012-05-22 13:48:36','2015-01-30 15:53:40'),(17,'Mckenzie','Medhurst','glover.alisa@example.com','299.539.9464x790','2011-12-05 09:53:19','2015-11-17 21:17:48'),(18,'Miguel','Johnson','elvera.upton@example.com','04736937127','2018-07-22 20:33:27','2019-06-07 14:52:13'),(19,'Terence','Harber','weston.leuschke@example.net','(924)552-4129','2015-03-09 20:08:55','2017-05-06 16:35:22'),(20,'Dereck','Goodwin','yjohnston@example.com','01880276585','2018-12-09 02:49:21','2015-06-29 18:02:40'),(21,'Adriana','Buckridge','kory91@example.com','320.548.0552x777','2015-11-30 15:36:44','2012-10-08 23:22:02'),(22,'Aidan','Douglas','dayna.schultz@example.com','(065)391-6099','2019-08-16 15:58:19','2010-09-11 04:12:04'),(23,'Rahul','Kessler','marlene67@example.org','704.504.3386','2010-10-05 15:48:47','2017-01-04 05:52:30'),(24,'Zella','Koelpin','xsmith@example.net','898.546.0225x9448','2012-09-18 07:02:07','2011-08-23 13:53:49'),(25,'Kayden','Mann','zulauf.tyree@example.net','340-096-6748x0092','2013-01-04 03:25:41','2012-11-03 10:12:45'),(26,'Titus','Stoltenberg','eliza.gulgowski@example.net','390-907-0375x0812','2019-06-20 21:39:32','2010-10-25 19:28:25'),(27,'Lelah','Waelchi','justus11@example.org','1-795-358-7421','2017-05-03 07:03:09','2016-02-25 05:39:23'),(28,'Helga','Skiles','grussel@example.org','075.098.1420','2016-08-14 09:42:26','2013-06-23 20:53:17'),(29,'Adaline','Corkery','tomasa.rohan@example.org','+55(2)9541205578','2011-09-22 01:13:33','2015-01-18 14:38:42'),(30,'Olaf','Runte','kautzer.wilmer@example.org','1-702-305-2010x2218','2019-07-17 14:58:51','2019-10-23 17:12:25'),(31,'Amara','Keeling','vmarquardt@example.org','+61(3)9840755998','2017-02-09 20:31:58','2018-04-05 15:15:57'),(32,'Maximo','Connelly','charlotte65@example.net','438-605-5049x0800','2015-05-11 05:11:14','2020-07-11 10:38:15'),(33,'Luther','Hoeger','maureen47@example.net','498-462-2026x24217','2016-03-20 11:45:31','2013-10-19 18:48:38'),(34,'Clemens','Ernser','ivandervort@example.net','885.427.9035','2018-08-01 11:39:37','2017-11-18 00:46:43'),(35,'Montana','Osinski','larissa02@example.com','508.596.7020x84683','2016-04-22 15:48:13','2011-11-28 07:04:08'),(36,'Elva','Brakus','ole.hartmann@example.org','07633961262','2014-06-23 21:25:57','2018-10-17 08:20:20'),(37,'Toney','Huels','kerluke.lacy@example.com','1-650-700-2916x37477','2012-10-19 04:38:14','2015-01-16 16:06:12'),(38,'Nils','Conroy','kub.evie@example.org','(460)267-5738','2012-03-28 11:57:31','2016-07-07 08:39:21'),(39,'Abigayle','Daugherty','beverly60@example.net','496.699.4984','2016-12-14 09:22:33','2019-07-05 23:33:26'),(40,'Jaeden','Schultz','mathias.boehm@example.org','(376)375-8882x9836','2012-09-21 18:30:37','2018-02-23 05:31:29'),(41,'Felipe','Cummings','rowena49@example.org','(176)896-4826','2013-03-09 08:31:40','2019-01-23 21:08:51'),(42,'Candice','Bauch','becker.ramona@example.org','02175327509','2011-10-28 06:21:42','2013-05-18 05:09:20'),(43,'Ayla','Yost','kdare@example.net','1-098-071-6447x243','2015-10-14 19:55:00','2015-07-22 05:37:32'),(44,'Kiera','Roberts','jameson.ryan@example.org','073-434-0367','2012-03-07 19:06:01','2012-05-28 06:55:53'),(45,'Ephraim','Hermann','hillary.conn@example.net','737-037-3379x1861','2011-11-29 04:40:06','2012-11-09 10:53:00'),(46,'Okey','Kemmer','maye.gislason@example.org','895.752.0486x94337','2016-10-05 03:27:09','2015-01-02 17:49:33'),(47,'Grayce','Kozey','josie35@example.net','1-696-247-9759x69806','2020-02-16 03:12:02','2017-07-31 16:13:07'),(48,'Chadrick','Beatty','olen.schiller@example.net','141.742.4016','2018-12-14 11:26:48','2013-11-29 17:47:39'),(49,'Shaina','Pfeffer','jean97@example.net','02929283082','2016-01-11 15:49:50','2017-01-28 02:51:10'),(50,'Cleve','Hintz','rene.von@example.org','(231)477-6283','2016-09-17 07:42:35','2013-11-15 08:10:27'),(51,'Domenica','Klein','johann.dicki@example.com','1-322-379-5129x703','2018-12-12 19:28:13','2019-10-05 21:09:24'),(52,'Delpha','Beatty','thoppe@example.org','(346)800-2888','2015-09-15 16:54:57','2011-12-05 13:59:00'),(53,'Clyde','Kunze','moore.samara@example.org','051-655-2971','2017-04-09 06:17:52','2011-01-28 17:40:04'),(54,'Remington','Hauck','sbartell@example.net','(104)185-0615','2020-07-23 08:04:13','2017-07-08 08:35:33'),(55,'Uriel','Hane','elody48@example.net','(290)292-2440','2015-04-12 04:06:46','2015-09-17 22:27:39'),(56,'Thalia','Adams','fisher.darien@example.net','465-226-8721','2020-06-30 03:47:02','2017-11-11 02:37:05'),(57,'Thalia','O\'Connell','brakus.carmen@example.org','721.922.3794x958','2011-01-30 22:26:54','2019-03-13 21:18:16'),(58,'Ressie','Fisher','cathy26@example.org','+47(0)6793897427','2012-06-20 19:09:43','2011-06-06 12:06:56'),(59,'Merl','Moen','felicita62@example.net','(817)910-6057','2018-06-18 17:24:37','2017-07-18 00:35:52'),(60,'Bulah','Pollich','kaylee.dietrich@example.com','404.291.4727x0247','2011-02-14 08:28:58','2016-10-03 13:49:45'),(61,'Bennie','Lesch','clemens.kuhlman@example.org','392-675-8659','2013-06-02 10:24:27','2011-07-29 17:23:08'),(62,'Tatum','O\'Connell','keyon.fay@example.com','735.752.4529x1758','2011-04-12 03:33:47','2017-11-12 06:53:11'),(63,'Denis','Satterfield','ilowe@example.org','554-577-1070x269','2010-09-13 23:37:30','2020-01-08 18:40:11'),(64,'Lennie','Mosciski','lesley.bergstrom@example.net','(644)227-9273x49032','2013-03-30 16:03:47','2012-07-05 12:11:07'),(65,'Leonora','Fisher','shayne33@example.org','(229)282-4689','2016-07-12 22:22:14','2011-10-05 11:24:11'),(66,'Camille','Johns','sigrid.koch@example.com','+38(5)6813207833','2012-02-16 22:02:40','2015-03-28 11:46:05'),(67,'Olin','Leffler','pierce.leffler@example.org','1-962-747-0516','2018-08-26 10:16:35','2013-12-26 08:57:32'),(68,'Lonzo','Schowalter','lacey20@example.org','818.870.1454x2981','2019-06-09 15:50:35','2017-02-11 02:38:00'),(69,'Chaim','Ward','betty74@example.org','607.232.4618x3976','2015-01-20 07:17:19','2016-02-26 01:23:48'),(70,'Florida','Lehner','stiedemann.adolf@example.org','(665)567-7859x822','2010-11-16 06:33:41','2015-05-24 04:20:13'),(71,'Jerel','Russel','schiller.meghan@example.com','+26(2)9460814577','2020-06-22 19:07:25','2015-05-22 22:56:15'),(72,'Kyra','Cassin','langosh.hunter@example.com','727.238.0604','2016-05-26 13:39:36','2016-12-08 13:57:16'),(73,'Christian','Pagac','sbaumbach@example.net','00768002529','2017-05-13 14:35:58','2010-12-13 02:53:19'),(74,'Charlene','Haley','eliza20@example.com','+83(0)2735235317','2013-10-18 05:52:49','2015-09-12 06:08:47'),(75,'Rosanna','Stanton','elenora73@example.org','819-100-9726x9718','2019-06-25 17:19:31','2017-06-17 17:09:25'),(76,'Delphia','Romaguera','terry.homenick@example.org','1-285-992-5605','2013-12-22 20:58:53','2016-12-18 19:38:04'),(77,'Trenton','Pouros','trunolfsdottir@example.com','005-150-8967','2012-09-13 03:22:46','2019-09-14 21:12:17'),(78,'Josue','Stoltenberg','kitty11@example.net','1-713-856-0638x386','2017-10-21 04:36:12','2014-01-14 05:34:35'),(79,'Gordon','Gleichner','demario.littel@example.org','(661)999-6515x810','2010-09-12 23:18:42','2014-06-18 17:02:44'),(80,'Armando','Ziemann','tracy59@example.net','1-175-530-4876x87288','2018-10-28 21:23:09','2020-01-17 04:45:00'),(81,'Aylin','Lynch','icorwin@example.net','232.945.7227x881','2010-12-11 13:42:24','2019-01-13 14:44:29'),(82,'Aubree','Padberg','gstrosin@example.net','05615861313','2017-09-29 12:17:57','2016-12-31 15:11:06'),(83,'Neva','Bahringer','dell.carter@example.com','1-260-550-6891x803','2018-03-19 09:25:01','2019-12-06 17:41:00'),(84,'Brady','Mosciski','flavio.jaskolski@example.net','571.024.1711','2014-11-21 15:01:07','2017-12-20 13:54:24'),(85,'Darion','Corkery','colleen.lynch@example.net','08389338734','2015-02-09 21:16:51','2013-06-03 21:22:57'),(86,'Sylvan','Parisian','bzieme@example.org','+72(0)1915553718','2020-02-13 10:41:53','2018-09-08 01:20:55'),(87,'Hershel','Strosin','nkirlin@example.com','1-876-270-6330x3906','2014-09-15 09:15:29','2018-08-14 03:17:21'),(88,'Joe','Sawayn','jennings31@example.org','302-341-7311x146','2015-08-18 18:41:16','2020-07-08 06:13:56'),(89,'Deborah','D\'Amore','wilton.lubowitz@example.net','(418)002-5628x4536','2014-07-31 23:30:48','2015-07-16 05:51:15'),(90,'Aiyana','Moore','alana.schmitt@example.net','362-378-7821x9504','2015-07-12 13:04:58','2019-01-25 16:43:42'),(91,'Giovanna','Torphy','edna.franecki@example.org','(496)473-5866x12639','2013-08-27 01:00:04','2020-04-17 06:22:59'),(92,'Jo','Beer','qkutch@example.com','1-924-608-0268x2105','2018-02-03 12:20:28','2013-11-09 06:20:51'),(93,'Melyssa','Kertzmann','hodkiewicz.irma@example.net','1-562-386-6533','2015-03-23 23:21:02','2017-11-01 11:26:25'),(94,'Heather','Torp','ileffler@example.net','01723226810','2017-08-16 12:04:31','2013-06-02 07:14:04'),(95,'Holden','Quitzon','johns.steve@example.org','(491)408-8050x516','2011-09-24 04:52:21','2013-07-30 07:29:11'),(96,'Darren','Fritsch','hand.micheal@example.org','1-794-164-9399x4836','2012-04-12 01:15:02','2011-12-26 20:17:18'),(97,'Zoe','Padberg','stokes.trevion@example.org','496-061-1646','2019-07-04 07:51:27','2015-05-05 12:10:51'),(98,'Maxie','Boehm','augustine96@example.net','03745540610','2012-06-16 03:26:58','2017-03-13 05:57:47'),(99,'Caleb','Kulas','dean83@example.org','+19(5)1141229189','2012-10-17 10:52:05','2019-09-23 02:18:55'),(100,'Skye','Mertz','qtoy@example.org','750-235-0071x26371','2010-09-02 06:27:37','2017-11-12 02:11:11');
/*!40000 ALTER TABLE `users` ENABLE KEYS */;
UNLOCK TABLES;
/*!40103 SET TIME_ZONE=@OLD_TIME_ZONE */;

/*!40101 SET SQL_MODE=@OLD_SQL_MODE */;
/*!40014 SET FOREIGN_KEY_CHECKS=@OLD_FOREIGN_KEY_CHECKS */;
/*!40014 SET UNIQUE_CHECKS=@OLD_UNIQUE_CHECKS */;
/*!40101 SET CHARACTER_SET_CLIENT=@OLD_CHARACTER_SET_CLIENT */;
/*!40101 SET CHARACTER_SET_RESULTS=@OLD_CHARACTER_SET_RESULTS */;
/*!40101 SET COLLATION_CONNECTION=@OLD_COLLATION_CONNECTION */;
/*!40111 SET SQL_NOTES=@OLD_SQL_NOTES */;

-- Dump completed on 2020-08-20 16:24:10
